-- phpMyAdmin SQL Dump
-- version 5.2.0
-- https://www.phpmyadmin.net/
--
-- Hôte : 127.0.0.1
-- Généré le : lun. 08 mai 2023 à 10:58
-- Version du serveur : 10.4.27-MariaDB
-- Version de PHP : 8.2.0

SET SQL_MODE = "NO_AUTO_VALUE_ON_ZERO";
START TRANSACTION;
SET time_zone = "+00:00";


/*!40101 SET @OLD_CHARACTER_SET_CLIENT=@@CHARACTER_SET_CLIENT */;
/*!40101 SET @OLD_CHARACTER_SET_RESULTS=@@CHARACTER_SET_RESULTS */;
/*!40101 SET @OLD_COLLATION_CONNECTION=@@COLLATION_CONNECTION */;
/*!40101 SET NAMES utf8mb4 */;

--
-- Base de données : `springproject`
--

-- --------------------------------------------------------

--
-- Structure de la table `categories`
--

CREATE TABLE `categories` (
  `categoryid` int(11) NOT NULL,
  `name` varchar(255) NOT NULL
) ENGINE=InnoDB DEFAULT CHARSET=utf8mb4 COLLATE=utf8mb4_general_ci;

--
-- Déchargement des données de la table `categories`
--

INSERT INTO `categories` (`categoryid`, `name`) VALUES
(13, 'Philippines'),
(14, 'Argentine'),
(15, 'Morocco'),
(16, 'Korea');

-- --------------------------------------------------------

--
-- Structure de la table `login`
--

CREATE TABLE `login` (
  `id` int(11) NOT NULL,
  `password` varchar(20) NOT NULL,
  `username` varchar(20) NOT NULL
) ENGINE=InnoDB DEFAULT CHARSET=utf8mb4 COLLATE=utf8mb4_general_ci;

--
-- Déchargement des données de la table `login`
--

INSERT INTO `login` (`id`, `password`, `username`) VALUES
(1, '123', '1');

-- --------------------------------------------------------

--
-- Structure de la table `payments`
--

CREATE TABLE `payments` (
  `id` int(11) UNSIGNED NOT NULL,
  `first_name` varchar(50) NOT NULL,
  `last_name` varchar(50) NOT NULL,
  `card_number` varchar(16) NOT NULL,
  `expiry_date` date NOT NULL,
  `cvc` varchar(3) NOT NULL,
  `street_address` varchar(100) NOT NULL,
  `city` varchar(50) NOT NULL,
  `zip_code` varchar(10) NOT NULL,
  `email` varchar(50) NOT NULL,
  `created_at` timestamp NOT NULL DEFAULT current_timestamp()
) ENGINE=InnoDB DEFAULT CHARSET=utf8mb4 COLLATE=utf8mb4_general_ci;

--
-- Déchargement des données de la table `payments`
--

INSERT INTO `payments` (`id`, `first_name`, `last_name`, `card_number`, `expiry_date`, `cvc`, `street_address`, `city`, `zip_code`, `email`, `created_at`) VALUES
(1, 'youssef', 'sadiqy', '321681', '2023-12-01', '123', 'dazedazd', 'casa', '22646', 'test@gmail.com', '2023-04-29 17:48:41'),
(2, 'youssef', 'sadiqy', '321681', '2023-12-01', '123', 'dazedazd', 'casa', '22646', 'test@gmail.com', '2023-04-29 17:52:51'),
(3, 'youssef', 'sadiqy', '6541864', '2023-12-01', '123', 'dazd', 'test', '22646', 'tattoostore@falltrack.net', '2023-04-29 18:07:02'),
(4, 'aaa', 'aaa', '6548/465', '2023-12-01', '841', '133dzad81z', 'test', '13254', 'test@gmail.com', '2023-05-04 10:35:45'),
(5, 'baaaa', 'sadiqy', '4451561', '2012-12-01', '213', 'dzadzafdzf', 'fze', '22646', 'kousouf@protonmail.com', '2023-05-04 10:40:01'),
(6, 'youssef', 'sadiqy', '5646854165', '2012-12-01', '132', 'efzefzef', 'test', '13254', 'test@gmail.com', '2023-05-05 15:56:51'),
(7, 'ze', 'mo', '1111111111111111', '2012-11-01', '111', 'aaaaaaaaaa', 'acsa', '25620', 'garron.javion@findours.com', '2023-05-07 23:19:23'),
(8, 'ze', 'mo', '1231231233232', '2012-12-01', '111', 'casa', 'acsa', '25620', 'garron.javion@findours.com', '2023-05-08 07:39:58');

-- --------------------------------------------------------

--
-- Structure de la table `products`
--

CREATE TABLE `products` (
  `id` int(11) NOT NULL,
  `name` varchar(255) NOT NULL,
  `image` text NOT NULL,
  `categoryid` int(11) NOT NULL,
  `quantity` int(11) NOT NULL,
  `price` int(11) NOT NULL,
  `description` text NOT NULL
) ENGINE=InnoDB DEFAULT CHARSET=utf8mb4 COLLATE=utf8mb4_general_ci;

--
-- Déchargement des données de la table `products`
--

INSERT INTO `products` (`id`, `name`, `image`, `categoryid`, `quantity`, `price`, `description`) VALUES
(19, 'Cebu', 'https://image.arrivalguides.com/500x500/12/8e3e48b38f7623859baac43cbd54ece7.jpg', 13, 230, 13545, 'Cebu vol'),
(20, 'Clack', 'https://www.ghi888.com/wp-content/uploads/2020/01/5-Hitting-the-Heights-DHeights-Resort-Casino-is-leading-the-new-wave-of-casino-and-tourism-developments-in-the-Clark-Freeport-Zone-500x500.jpg', 13, 250, 1235, 'Clack vol'),
(21, 'Manille', 'https://www.philippines-roads.fr/wp-content/uploads/2016/09/circuit-nord-luzon-balneaire-1.jpg', 13, 521, 12576, 'Manille vol'),
(23, 'Buenos Aires', 'https://www.holidaysplease.co.uk/assets/images/18-137-buenos%20aires.jpg-BasicCrop-size-500x500.jpg', 14, 412, 2512, ''),
(24, 'Mendoza', 'https://rest.techbehemoths.com/storage/images/countries/argentina/mendoza/603f7ff2b660d.jpg', 14, 523, 1452, 'Mendoza vol'),
(25, 'Oujda', 'https://www.traditours.com/cache/jour5-447-400.jpg', 15, 185, 1452, 'Oujda vol'),
(26, 'Agadir', 'https://assets.airtrfx.com/media-em/ey/cities/Agadir.jpg?width=500&quality=80&fit=crop&format=auto&opt=true', 15, 254, 1452, 'Agadir vol'),
(27, 'Seoul', 'https://www.atheneum.ai/wp-content/uploads/2019/04/seoul.jpg', 16, 145, 1452, 'Seoul vol'),
(28, 'aaa', 'https://www.besurmer-tourisme.com/wp-content/uploads/2016/03/Plage-du-moulin-binic-%C3%A9tables-sur-mer-500x500.jpg', 14, 111, 11111, 'karam'),
(29, 'qqqq', 'aaaaa', 13, 11, 1111, 'aaaaa');

-- --------------------------------------------------------

--
-- Structure de la table `reviews`
--

CREATE TABLE `reviews` (
  `id` int(11) NOT NULL,
  `name` varchar(255) NOT NULL,
  `rating` int(11) NOT NULL,
  `image` blob DEFAULT NULL,
  `text` text NOT NULL
) ENGINE=InnoDB DEFAULT CHARSET=utf8mb4 COLLATE=utf8mb4_general_ci;

--
-- Déchargement des données de la table `reviews`
--

INSERT INTO `reviews` (`id`, `name`, `rating`, `image`, `text`) VALUES
(1, 'ayman', 4, 0x52494646d68c000057454250565038580a00000028000000aa0200ff030049434350a8010000000001a86c636d73021000006d6e74725247422058595a2007dc00010019000300290039616373704150504c0000000000000000000000000000000000000000000000000000f6d6000100000000d32d6c636d7300000000000000000000000000000000000000000000000000000000000000000000000000000000000000000000000964657363000000f00000005f637072740000014c0000000c7774707400000158000000147258595a0000016c000000146758595a00000180000000146258595a0000019400000014725452430000010c00000040675452430000010c00000040625452430000010c000000406465736300000000000000056332636900000000000000000000000063757276000000000000001a000000cb01c903630592086b0bf6103f15511b3421f1299032183b92460551775ded6b707a0589b19a7cac69bf7dd3c3e930ffff74657874000000004343300058595a20000000000000f6d6000100000000d32d58595a200000000000006fa2000038f50000039058595a2000000000000062990000b785000018da58595a2000000000000024a000000f840000b6cf56503820468a000090b1039d012aab0200043e45208e45a2a226aa22530941400889656e659bc45b871cd7f6b515e359593b17f66f2ebe77fe2bc41ff23c39bd5bfd4fa9c7f68f48bc8bfe2bfe8fb04796fe6c5480ffb5e9cdfafffc8e8a5c732eae035a897b97d2c71cfa4ff4bf20fc7be731da7fe4f420ea5ffa3fe0ff29be567fe9fdaef823fae3ff2fb857ea3ffc4ff05f94bf43ffeafedf7c3afee5ff4bd487f4fff15ff33fcb7efbfcdbffccfdb7f769fe4ffdcfecffc017f4cff3fff8fd78fd923fcc7fdef604fda7ffe1ed1fff6ff707e18bfb37fb8ffddfed3f7ffe877f65ffed7e7ffc807ff9f6ccfe01ffbfaa7fbe9e88fe55fed76b7fd0f96865efe43ff5f37bf23656f784e547d07e800beccd5eed66808effe1e751911a8965e0424df7ee489a691c28330a0eaf1c1a0f4bc91aedc8429ea2553043ee2e1859a4031116fef30e3798054cf4fca07c8b5001a560a7ccffbdb5e66e0ccd564b119dd48c1551fa6a53a68f78ff76401be4a77f1df6e8fe276902dd7fd501c82b0ff128f00662006609343eb6356c2ecf5c494e03efd705b89a6526734f6144a5edb5a6e98410ebda3081bff2551b1e752532a4e0a9a370e5f418371bd870ba5f4c2126d30d0da9a75f48051ff3fe536d702c8ee8e63fcfbfedf239bd66695a731c301c26d6ec8c48950d1b50a0431a1711f79ceef7b2cff1da718ec4eb3632dad6441e93487b8adb61c9e732425a69f3770ee6255f80681d841595bb177e72193119a32846e51aed24fd706bebb7a3694aa26bf571f16dc09a419b5a40978f495b4e31c46d1d77ca63d2cebe08820a8994a173e582e31087e178368bdf8babf63c9769ba6dbdba1dcfa790462cb4e108acafc93ec5ff71409004f0ea2c5b27d9cc3c95b5d400eaa584312ff49ffafa6dff19adfd21e66b29cddcb9fef0e1ac1191c5f87ba076a790d6955670b6c7db8013afdc37c3f34a652fa469278569f361ad64f82e23a6fe4fa66abc834b2fe880e677be404154a7d6a045cc6cdbd6cad9827d3ae67013307e92234fe276429f6723f619e0af44d7bc1bd9e97cc91d0357ee4f97132daac8f0ff2da7e1e548a7f7b04302b17b722089ee137656c527fc066cee6efbb64497c93497e1b49c6007e359853cfdfc67b9f216671f0db34d43f3a8a3342ad90358732abfff8a48530680b250e6497cc91d0357ee555700464f2f4012464ec901c9eeb92d2b38e120ec46a29f2ebe5d68eb632cb3fc41d676e02a96162cbaaf45fc664f1a01dbc0fcf66ac10910e72ab0be35c7eda1964a74e30746fb04503a39557fb3deea9b7661428db5a746119cd4dbb8d15a5a33729eeb12d84754f89add42b03806c5dd7666525797ade9641bc7ba4c26e4260b09e3bceea4e11e64d2f13d916e7525c460e1d0ab6e3c5db37b78c11e0c8e80b6d0e7975f215fe9b8cf835981b2a108a7cb0a21bbc5529f14b30fdafc9982ecfba6037c71a10c3f1a53c391423788fa495348f5a4e4da46913cd23d4051ff3fd1b7d29e724dd525e28ef14b8340d01703908f343c20c69123308b1c8916525fd7454095097e8a8afd6c2eb845f93a6ca1c242c941d05485a65d6b4993eca2d5ac8b80b0721daaf4d084dc23809decfc2f9850271845dae01ab6ceda579771c9204ebcac8c877a866b0ba99409605c8e39ac983faa25edaba7b8d425c6fd0c8b8cd73319361d5e4003a5b89650822ddaee71c8bd7f515badf95f1391080a37a5ef14d3d281b70f261b665c8ca18de65620cc669f11230723a8e19aafff32edf432277736c4f90a153241249ed4241ba1667e19b6ea90b9e3480ebb097c11d43e0df7205e26d011a2bb2669518d85b7bb0a0cf2af2c99aafcd483d8b272a761810bd8c1c25778d41ffc1ea876fc10603fb2be47ce81e0c05568ad4eb218587695fcb00c5982b5f6642722ec9c0f609805bd1e97540fb1084995baa6b1c25f5ec9794c001cb48e8dcbbc0bbec5bd207997fd5fac8e0a83f20c1fd3284f68f09d9e0b7f3569b2d11f1a651f9050f15daf36d6f4d50352c7da48ede530a36292738dac3cb62ed9cfc9d6f619da82ca5e8007c64cb00e290f729b2828731e47d66ffb45a18e0e494f3a09d97986d1243c057c8493f2917f82b8cfcddb5c092a8fa95553667d8b4a32d2bd5130c30e4eb715a33bb130ec246b7fb0203b18f53f76972c8f57f95f18b17e074afaf1e8789bcf915ddd07777cebd7ddc4046cbf08e2d060d2fd75448c02152140eae7c64e8f5b15956cda7c0850613b5b6ffb727c40a8da8f30ebf1fecb0d568045926a9b67a2356ea073e0a1afbabd2ffa9d514e73eeaae27158872212a72af0880e32c5e7bcfef94c63b3ce6a0619c89ee6faae6a1327ddb936920b52d67375ec171c70b0b9525899057d2e1339be535e1b0b0436bb51af985cabf153d8a4f92214798fcb52e32b2a24e27148deba0670381632abcaec43f5f588f35756c3a9c5b9f7d83c29d35b35085d5e4a7651bcc89f0549dd320841983fc3f0df686b969b3a1baf7aa219bcc52396c0f87d66eab7dfe62567c9b83add7efcb2b60cdd69960c43686dc9752ed105ef50bb4c631b43546ddc6564dc2e582706d2b5113c7273a03074620ebf193533e8ad9fe8c3a8927f3f4bd7dce547f7bd1b750bc7cbcf039d97440033e3763e330a8fba39287913df77f46a1044437d540b17782200e09aba6973e307aae5bc507670510081d12959a428e7d761585010f5556c89b91b2ef019219ce78c91b88a0a6414c2f267150120883e276025d8d5ceb6c262a061289d9f37e209652f9d76bb47e9f09c01eeea6a61c250e3f25135159ed3b442f1f0412262f0f286ef1992ee6b46da40beab0bb702fd2b0d81269abfdd1bd3c3b328f8d5dfebdb08205a407d3ccc98d4568cedce0fb6983e9b9d7e2b898e505e9b3697a13b2421c2d99a968304e8a2f4ee6e50df827be797ae41329698263033b76b7959bd00ec53b99305370c2718c4587d5bfdba5f4c134435f1c834a97018a03bf71b205f71b6664008e0aa610b088305a7474bc359db5b42b49e53e52b70b56c2d5969246e5939d4c387144cb8796bdfdf699ca41a92c86da45a0269eec674b11a3cda8a0c38a74638cd8c86941f32b293705480a3462b6f5fcfd03b0b0e6794010c3e552fd5558830f926939b9ca718475ecb15e1ffd69c58d00d3e233a96dcfec4dff557bbb579c83e264c8931645cc3f5939fea5ca04ecd750dafa94fdef8aa6aec663d5fa28bd062ab94cd371206086de6fd7b357ac8cc0add131b71431a1e736c76cc9e32bb9dab32199e40a39b52d45c3f0057ff75cd111e581ecd8e2c4ae3086d71ca5a6d28d2f6c61684708d07195df7e60c6d72f8813af5c5ef6e10b6fec97454bcdbaf39a9ae79acb70e3713331348628f034fbf889f78713edd739c2193a049d660fd6eb74be25609d03903cc35e99f30e260dda40fe3a0b637f738c5c4a62fb06bcaadf6ec2b24b758bb2dd35d7e6b23792ed05dcda6a1fbff71e3eb24547a4db47e02381b613889023f77087230ba47c137029b1f7650f2bce2957ce4685ece13ffa9102f0ba47b35dc1a199946300d187af9d84f5e940c96657c81afdb256b86126e5e58ee5a34507558cea5a6836a4f220d0e66f12b3ed3c4cfb5e9e21a01ce0ad8f64ad0723196cdd47036e0dafbd68e5d24abbbe98d262922ff8efd354cafb9f8ff85d7d55732a0d73e8c4924feaf6758557153695edcdbbb3fedf62645633652b418d9f7cbd8f4edf6a86281debe4c49e04185299eff1b473f5382809b2267e2b581803134f1f9fdf11053338f6d3b37857d68e7406cb605880e02699296b5132f3793d7fb2026cc19b51a845bfa4033fc0d937e5524774dec0600933b3866ea0c9612e4677751bed104b18c2363a8b2946ec2c0512dda9c105cd4918dd36a5e538073d389938abed58338e7788f7375c369018e33b4ad2df5b6d7cade2b4bf2626ff908c6e737c152855890079b22856805808c87bd25fc4ef6d0b31da95a549fbc2075a7de9b4f07872f90306dbb73498c52863a7d08a52373582306c2674913ce5a4ded29406ca1a068cead24decd7ad1a83b0a1d81091e5c1ebbbca7a1fcd74a5576e3314dfa898e13e07292eb0dce7ab774417c1dd5cf225df3be2e83b4f9fb936428c2cde11c7a9f2e33712cfd699eddbf268937cf4f67dc50a905d5d972021471d7cfc08b1f301786d074ad4c8745636191d687aee47a43169bcfd9245d7a0303c8d6725d85bb0813531855166d32d7605f15e693599fdb69c64f52c5d7e2ef4eac32ed44c9923aeb72c6432e354218570149f02ab89683ac1956cd8992220f42540e5f3863e67aed7ff810ffdce4d1410f02968808600b5e12e258479780c883975b1c0a05180942fcbf415038fff410faa1f64c60232f9e4d14eab4252ce20a39f4698a24b06f0d07262ddecf59875c934b02db61ae120ff97727543670065182500084acc3c84f8dd84b9fd1f6b3a96d96f9b75f89068407080cb5c3b9e9554cc870b0a15a48badb5f05439f8ac22db1c55a458f520e9c1d9757b11291c00a8c855bd9807725023c86733761863f98f2ff3ccae999ae53f2c5c7f0f2ee5eeb5a8541e4b5a5351707cd25ffa3ce8d703d03b90fe094f6d141009e31bd6383d52c9f241abd966b9b85043b614c80cd569bc36a64299636760f30c21b637950cfa01b7e17341116f9ebf7ce6d97c6401c1696fdce28e02d4f1ea46347c1493cbc72e0c4132034035f6aa07b83664d58f6c2d24d6ee9fb1c1c9e1f935fc68d8bf75ce62c8923edd170ccaa8358e3d32472dfbc868ede010ca33553b863f176747bdbf248d7b95a8c8674069d0557603d5f9d523f4f1920aab1eafb76b53767453642ccfb3afc62754d07cabb68e3026c3bff177518cf32df9c4105295784849a18ad5e4e1d4fceb3371831dd25cae03423a6cf7aa25990edc0165c85f51b31fbe99e9fcd395b486aede8ce2475b20380ff970f4dc6a4069b88a8ba4da92cb2868f98be03ed5d17c49a2c1ac03763776c02990327694a39facc7ae4ba318d920fb9fa30479c1f5307c9de3b7217445d5a351c62090d794249ce030fa65bc39267e74b285701a02a75a9b2a7a4a7490d13473ac424437429dfb9e3f331112df3b8b3238e5368216f5da9eefb3e3d7e0f67dc79279160d24d89377a44a1693a20382eb29af67f97ac14439f76b868f6c908cf770d7a2610a4006349490d7cc4931a04a6cd42e35fcc01fd99f49f69042c374d63d455ee765dd641e101f46561b45a1cabed01c78571f42545b95f4d6160afbf566288ebdbd89e4da8b17e561d4035e404a8503ed02b54205bec709f5379e9f42970e5bd2f301e6327fa5d5b123937bf140cf780f0e256d61a7e5003583dd6bc04578e603396979d7de5e5021900adcb246c7bd9d782e473f7fe4c5066807832683dec4d471450fee9f78a20da9841973c17b983232c011bce22c2cbcb2f39ea272c8fa27be0648e516ba53b2a49d2c342b56168c1730de5792208c643b0f21af535b289da57884fea0a4055edf8e64a9ce141be5794ffb16a47260165e91c4164228fbaf8157a8b569ca8b33ab64f964b90bda1b2d5c86fa3180ff722661a53a49a0fc79add8597b767dd63aa2f681899624817dde6767733553e3cbce46860d2c24993a757106388a6b4c89438c3ef05536ff0007323fca2b633fcddecd1b64e067b9696df489d8a564c63752ec8657cbdc72747c277fa43c860eb1bb0c382c84ee4128ae47a6026942502343de46c49622216a2e3a845857f747fb93274f28fcf30d1dcb6c2ae590fda6b38e8c74656d10a47353af32def920a03a214b8436aebf1fc035f0a4ab4c91821b1aad1aa010271327ebdc5ab8007dcc910c2668a557b67e48af7d77dc45bf7bb5e42bd379a69d56af2fc74593b594425e8f69315ddc5817382e079726b1e542b66fedba9b8ae306a61b5268fcba3946c185bdaa7b759784ca4bd37d56024b8cc6d5f1fa159c23b7de1cef3fea253d514e77a9aed63eb54932058dd3cf7d2f5b4ea4a18bc1094457506eb1c5dc73070663929bdd9d1fc3439d160aff6fe35160e1c159bd70fa880bbab322d62e7c17eb5078b22bdb133846fb4238483a91173953b6dadcc9f6e6044cbb68bcc1ad7dfcde626a727df1d1562ad0b4b6a1c290de7bb81286268ef66bec5571c81a787d7331c33416ec0a4f24c30feb6d763c6af6783ba69c9aa9dbca6dd22d0fc11122a1b6c03d812bd05917f95f733077f18b359812eb12b47313b16b9bb30be2ee090d68c0ca12d9d61cf56040e98128a2f8af700f08fa89e87d6ad90e60c272ace6db519680fa82793f51ce112fb42c4c7f64059caf4b54e0b6ca753a48dff055c3a3113d604f605442bb38050a80dbc689299dbdded037f0ab728159a90f9604351a9af03c98661b3a5540269564389deba3316b3c0a2bb796854171e1bb3aa4dd3cdf6ad482bc174c4a6b6e9e092ec58d1a0acf6236cfdfc7bf7ce7a891b630054eb62b22d18108a3fe348b6e070fad5821dfd01f5af84b37a0d3dee19b537fd08fc4e8ca0bf53d16ebdfb8837f6759e05d83edd39733171641ab1a4e796e825d3acd5d85c5a8c647f51df8744ad462a0aed794784fed390b50808097929400ded30ae0b46c3d9491a22f6f460dfd52b1300975e70278510ec443e9291336e8e3f8df46fb17769fb795f96fca4769fadc3ca7e4d8e383bc903ba49dfaf59e63acaa27a5592d8b6a369df44d9a4ab3f5fbc7f2a48ebe8e53ee76479c1135c7b7b3094f7a2ecb38f130c0c1b6f5e28f4cb225d2ecdb29b93361cb9d8376bd63429be83088fc8c408af37a248e47390f6f59fdcb278165d3a0a9e9b1ef033154e2ff3fd904db2b7ed4e324cb7cfde793052a54ef2cf70aff72e1932f87830129dd205344212ecdb365b0fe3cddd1b9f1eafdb60d7eca13a33568ef706f43bc422522b7b56b86d94b1993046bd992e630f5c52ba061df24b026780e812ae684b93222d2166c590bc4831ad60945025af75cc488762c6d7f6a698d265e5162bc129a00cc0ad96f049e7bcb173832a18bcfca8be9e36882543b8b2d1ac79abcca111ca14e9006eaae39b85e37c44a55628b6d3b6f90cb728741b337269f0eb1b1c5f530c03b06a33468d14395183d14167391e5743b566dcb601f11dfb39d0a2bbff2cc7e12e42754770d40ea3d29d1f30467f7e4042a300075ab53f785aa07c6fdb676de6c8eef24eb263c8d359b449d08e34bf68f1bc1514a2228e6df3d62ceec95e0fd43b06da5595a78899a4b336eea2d389bdee8dfcc73192679f301402da5243d77a8be24536a642ee8c3ee65254fd7dc7a943bee502af7d181333be8362221d7da20509747d613c4a4c8cf7ae8113a7f73fa59ada74299f3d1697800768176cd5dbb85e617ec0cc4baf58ef6cd407c09643e3ec3f4eb4666e204ba57a2089cd32b9ccba062501ff6a6de0c3dc9fe061b8699a5c7c18ae927f4bf8d249515bbddd80f2d9dde665fefdc8d9cccf8ccab9a5689f50fa91df837cc9adfac6ed92fb8fc08981295c1e51e0df245123555b776eb2a99e2ed3248c94c375eac11fc39ff1988a57a05085bd91ea2788930e15dfe532b67ee16e6b0101928e1f87ffcbfb5b7eff2ac5556920829078fdcb927650dd7c03069acdc072edb792902484cdf0ad52c244b6cb18b33a0b26b63b36306dbe35771794a8786331ecd8bdaec722ee5615f98f7966601c2c64024aef997075d162a8ea171d5b8020852af96e72068c63008008df8a76e50f2fafaa49fd130b8753932e0bb898a12d944858da06879a7e84ebd5179525eff9af9ae5d74be131a68797e6568b53508daf47a285df96aad6ee591b2e626bcb9bf5e875e5b4dee7cd1c158aa157125eab94685c58028f89637fcd0063c5f66f3e1020c9e3d836fce734e41d2d0e5435644598cb8dde6977e89a5052b35f5edcf61b48a8cbd9be499baacff2d2b943306349e5a0230ecea22c7e7a417b6a98478a03333919a758613e079894774aff9de0a5d3f62e28af4401d281c9bf3040c83cecdafd9089ef19380ac94e5420f0ec6029aefeddcff76e9c32affd79d7e45f69980932edbd4d3021bbb1464c1bc2fd4c480bb9c5a627f2c9cef27dfbdf51bb1c0e70110ef29f74e3b494466b25a22a3ef7378ed35917ed9333efb3a2c10b857532ee3fb934a44229f327c15c5831838e744d2d619fbb88eb88f4c3b6d3bea52e7901fb7b5f0b31d72793919b9e91c49a097d0857ffda338e0600cc6ac6001b089ba2b557ae05b144908e1381fbd978cdf4352fdb1a2fbfbd4f83c1ff980245bc45103d43903bd265913860f1a7eb5cbf5e09be1d33da7bb8a3a97357e621404b9a6d8c0d5cd9d63a9e13fbc7b25a2e8df745fa5683c991cadd0b1ef8791d5ba87d03dbb1d0eb654548ca33b43a37eb70b612dbab9c0a57b25db8f5ae2f5cc113001912e555ab1afe40a85dcd77d013aa778c6eb9053a5f1083f3beed12a36dc76aab050a318cbb30c70628025340f6b84db6b20bf452b49f7ea7ff78bc1dfba14ea7d74c189c54c0f4b4542bbc6f5c7ace49dafd0a586b57b1cf8196a7b3765aae736001321bfa3fb2900a28a7f4f2d39d972f69d07dc64568a6aba385502b48d5c2c72b7c9a0313e822be2a23d8d850bf8efb48fd10474367a0c54cff9918610d01412150194445a247a9316c3dd6e51034af2de9321c5770a3ec24b81c26100dac10b90e5c923d6f2e394695788f825d08bcd85d367270b3b94b7ed70e8093084ee913a751b486e9312fe169b5a0826a5096e3a645db1ddc8758fbc2d4802753b41e35ce949ba783de761f2bfd18c019f04a3727d1e976a7d86a25aafaf4b8172e2e0b76488f5e68e57a63d7ff54fcfe382bcea2c3f6bba691fa1e4722a95318e15b045c79c2d03619da12f231cbd20c48373127d8a714d66ddbbe3a39718611e310fb4a43262a8f2ebbee2d70269061f7a93bce0998e34079eabd3871c73f49819dfe5b47dc904758b281ed04b717207f8ac57bca3526f5cbad5104624193542fc07d07aa67e6f3915d4d60c3ddc30f3c6a1ca674c46a1d4fff911ba930abec3fa0c455a75a74c82dad781bc3257e99981e22e4b2ea0279d6cb240d47fc79236b22cbed8e822780dd5304ff3ec330ddb7f343745a9621d9d5155aedbd264c5dc87ee753d0215a0127ac7f1a33baee196f72c71e6b7bfab86607e60098eca7b1749c507bc76281f121d25daa61ada68de4fc73234bfdf0cd45f4850aa5dd046bcaef5cf46f8f5ce2d70c9b598be574a95c02bc100797a88e20e153fe8edb4b2b730fe290196b1dfb998ec9d202d77a29388f7bf56edd0d3949ec68e6248f532e29442119a8d07cec8cee1d5724713e9c6d92156cb672dbf1f46eee4f6034dadf39d472e17c0458c69644cd07fe3ac6e0ea7d67b2a24c06251b4817c4142aaceb0f196ecbbf86b51f63456f1c477c536246dc856d158c9d2ea570507edb59b17b456f9461b9845ab52570d820a3aac99db718948a040b0ebf288c6c9d6012571074165bb8ac4e14e270ebae056f8b5809a36c8eb28373b2e507b474af7b0146d768fd25626427aa34b5258768f8ccb1b6ac7ff3ecae5766d1a9e535c6d2ff0bfffe4d08fc42f8f1750477cfccac343e18d1671b09f1e79bc1ffb8879902cd3b2cd6593ebfb90e80daf11a552c89cfba1edc43ae6f877e9e6342a81ce87b3f2d7f42d2a5dd58a43c40ce60f55ef204351a435e7e092b2f7da50b5b2192bd13ce0a7447c16f31aedaa17973274b69048cc564ae391862f1d346e107398cb942db4c543337c5c177178ed99059da5b4e1c56fd989940e40fd4a3d46e2f1b8f74669f2cefd1eda101a9df47b2533c391273dafc8634828672e75c5a1fb5dfa13fe421cd89925e478bb8bec6e3ff4cd77f927a575f80249246f804043d9935652a7c018833f46b0de03ae0f147fb3729e2bf45667e46c3520442aa032ffe14c880879b652f15abe0bdfa944642733b72a3cf8256fa83ef6346c5bdeb14b6f18cb736b77af7d24a82afbbc87f75a09fb514b61610bf8288ef2da99c0c953e48488fb9b7a6ba8a8dec2794ec83c2ceb5a41b4115d955e175e238d587be0c3b3e560b4e248003f7ff2d6228755869260dce1b45738f174df7ba9ac360d0b55a3fff59618c3d6112d45ee3a30b75a299712748a1f56647573a6f815982882c94f6d89f12134c299785e582cf0ac8f351f3d6ba478f7fc4c980a48a72ec6b75723dd48940a0068d3868ee63137be414d145aae57ea4894e11a249ba9617828712ec2f937499ed40e4e9bd2e60819b8c9f05a5cb01402bd7b55c0ad546aa63f4936c5527533ecd292a96103fdc5a1253c2bad5f0c428ded3abcad2722bc3c81854004e1c907e2a596f0d0838c4d7ec68b23e5f8df14940fcafa7aa9c05c7843ba346ed0eb9d2dc9b90cf9583bcfbdd025d613d1a94454b335a50ed3d0cfb300cb7ae6d3df5cd06a49edf3efd9b66dfde7fbec71c60f88a37d2b100b4a58e0a558183f77a870bd744e32f10e09ef3f1da55e88bcf25b829d4ef8eb0acd16364a464bbb77cb30257825fe88f491b57fb66b691a2c47e8c19e0fd55c7b6bcb4e26a688dd11c8124fe4f2e12de0d043254deaa9eedf182e7072b19a48719df5a00feeb5305dcffffa7e9fe13dfd9bfa5a7ffdc7cdafff885ffbd07a975b10110e3f1b42668af0e1b42f40d64524ca5e6ab685174777123fc60651cccbcad175eb015cb67d4f3fd83356f2463467118c8f76a75e8923f402c7a8013788ed3c1d0aa5f409d32cfa3cebb2223b0bfae8e0cd3b63612931d4ec71871f4ec97b07deeb57a24e854dab6ea7c04560db28db793bbd36dfc35a4f1c8aa2fbe09c9540c7be4f34cd907cf53be68db11707ae50e3159963bff30fa8f52516fad7b5274e9b906af787fdb68a7eb40676d0db28b3ccd8983f0cda3a2d10f13ef5b5d41acc45aaa986bbc32ffc33d5269ad4ec6df84a826cdbeb8eedd2362a2a5784fdb60a3e7febced47cd317da4a277e9c3494dfc32a7e26df9f0ba8831ecf9c6d405df3ca38c530a8682635410ab5c92636287fd02873e8f032cd3c1edd91a5c13cbfa2ff2c8bc55f1d27c25d0d9ed202fe594f924cbc2a2a62d6560855636923691efaa6281aaf9072a35fb0207221e91e4f8b37a8acf52f6023c21b14dcda821409c501b202c40c753ced5cfc31fc5e9feee43bde8543f303ccb28bf989324e4681fba18e6c3c5d59e4f292ebc6421348d20df0f32ddc96b215cbd18612d1d2c01ce136fd79b179036bbd1d5eaa2de4d5bdc90b142116cc46ce6a730abc732f905fc698720be1926bb125c1f157285f1e78880a429cfb62645ef520a5674a28c8a3885ae0228f72812e51f3eeaca0fed3a0b7c57321a8edcbd60c358bca9c28a545de631bebd857aac0a3158fbd2c39bc5243bbcb3a0287bd73e343bdc5ebd721c8b2b41ddf9743a7d05e5a7781265f44f9891ff8de00270a41c6e1b47ef1a3402e905601dd7d64b164c0251cace181b4cfbca0c22be9fe57f6af3c4e67704922c95613cf86d5b8ba68f0ea488ef8ea571624354f8da42d69bc20d2261d382b0a272112a91414caa0196d4841fba4b60fddac8562439b34dabe866cd0dec4a0608029a6b8efb97150512a86ab0a783a96878deeb22c725fece66c01a64be4349d2867b7f9c77bf5a6a7b68acc40500553d83cc719316c646411b6679bc1c393e9c726580de23c07ca70d676fe4d9ad33e57cfde6bef266b57d976045ea4e1d7f24711f5379c6e62068ac66488297e118b83fb5e569b73f95c89dbcaa0d1afc633487f780fe7646a85e4b38d3227f1e60afee3c9f041c8460019c3c583280172be36b7a81d8a6ac2f32f217f12096138489bef9dc44fc9dc2c64df027340040fbb158676132c5565b00d3ed58f8139bdc38cf8e4c04c6d077c1638815f256cdee03a4a461a4004c0b6de877efd92bf077de346109ee7012ba25d13f5e5ead4bdcdad08e5a533c95702245d825b08c29859ef3dcdd57c721fee415286176077582a27a99a7d9dd0c20cccc3a854b270cea13a0e91b324679154b44b0d91dd17a7a3c5c77832cf9bc4e0c757d71ce46ea75f0a641322f3a461d9b3b8316388606fd96c9f45502eeb5c1e4e5052eca795ac01865de58df087520af276e73e75c0cdfb60c6800320f8f14225183c8619f2ce0e640f96b0f1d1c10c28ec89f5f09a5ba499db10aa3cddc8c2bce908407dd99025dc1f35c6f78133628cacdfdde3abfde98aa920fad1e9d89db4b798edafa74489fcfd08c0b0f6a5885ea3812ce6ebccd452a9b56e838a3a7975a4454f02004b2af2e8f3bb159821c4652f348e69ea604b1c01563b1555a805309b2b1bee20c8287d911b29ebcf0c9e795b60a67774a45b431550e8189d05adf3f0f894a8b8788c1d0509b17b89bcb15013cb93b0c7538d3b245227ceb76d109e0c245f1fb968b1940c691c2ba5cb3c21f5d17155a513759cb8f69d05ac0f9e07de2aa62f85dd38cbc99b4281480ceace2fc39552544c6c4bef2da88e8d1b0fd49ca4d2811da8587ce96427cbe026f8d5967061084b36440e6dbd7b96ad65bf32bc5e00920d13cd2f3693d0c7fde7e6b784fc02adf9b66191193bf4e0df7e4887b89cee8a611408a2d9933111c07204df24ff82668411cc0386e9ae20240ac385af0e4fe433a7134a0a37fb5c2829a1fef611d33d961beaa4c4706244b493b5f6b454937e11e32974bfa6638c5f5696350c506e3e6970927b52c5144cd3a1748e67b075868ce908624f89f49f272f03b6d2e8255efbc7ba3fe3073cac79e0b54e3bc7133b294f2341a77e7ac39e3b2dbe143a7834c7359484cad2e6e44f013764db902d6df868fc4d0ab711ba04a0d4804258ce374d38e55194c8f40ba4f997d3979e615b90ed743650c269bf44700e7e00a6ee79b4e9ff1b39a4070a7ece98f4078b13e68a4b9b00b9e9e079c59432ac239dd3df47b1beb217d7d6863210cfaea5b74b60273b9b0332b23f5ad89bf14ca91da0956b48959caeb07aec0164ef1c970806b5aab12efea41ca942f490028ced21624011d199bda3030be612cc43a12d7a987c1b7aec4928e6ff0d852c33381eb360eda074338d58a2d773d1324b9000c6c42edafb157a9a1c73b3abe2156d02b40183b9f9eee67a35c19595915af337b84c4ae3bedb78fa18319055934a18d45115eb1757f76e7789f71de98e246e3551fa9acd636660c233c000009f4f7750860a76e7405351727b419fcb42e2bc28d62272221f3df3d8d2774986948598a5c5229625ebb444e9e54de436398fd77bafa9203089b12e27f0f599cbf837da88b1e41cb482107277c6f9f1674c32955a4eace0a2081cac2b1e6f0c94733f6e1f875cc04d3b0546e2d3bc7e4dbae56c02df2059ab0e9fa09e7d3fb0fb54491b10af545943b232d10b0243e2413a930cfb17b739d0aed099e610000be682ad2c9f5e0c1c534be58da667e8922687864ce8aa1870ca4edb02e33c251fe66dd58d18109b76b4927d21486feb023e8f7c324bb493b6665c3f3b843920c8f7824d7702758b24554f0d1fcc52f7c0e156538bde94e3b234e88ed427796ab77c2f5114130a55d03ebc0e31a7b9d5698180f9ade69ddd02c1706230a405bf5d26f87be82043823dc4f45637bf9cfa151d3f87277c4d002699311faf883b10ebfbe601bca579b5457c2101f0a1e2044b311553a30a048d9bc95fe3e1cc30adc33aa38afee1e54afe202e8d243ed0936a32b062fe913192f80bfb7d25a059f74cf0fc5eb9256354eadc900229646de3312eec408346e5bf6e440e0b91319df6c6d010b56b81739a8540befeb9237fea5f9a7261c60871822edc2a0ddbd3e4558d57679b517a4810c0f751f4e47d854e4516a885a6644f71da90e2d498bf29be5bc035a6866f9e2e5d6ae7ee4d0961cac53cfae284017b7c7e622458ca9b0dc07af72d5d7d7cf10760f0d5defff7daaeae5abcfa6df7fac33d8e7f0ad3b4574a44c039576552359c1bdb2658113560b092df7007eb88c3b8aee5bcf11cf2c02c5a48900dca9543d9b47ae112214f3ce15133d399c16338edee277e05f7777a46296fa94d59b42d5c69aea0445116f9439c46142c7764a18dfc992aa76e3bf638839c050b73bc5af224d6a5670e8c5a7a6ef9b7c22bb722a2bcc237589144bfae2daa788b22c9625a6c6776503508972f3e07d6ef3dc027d4a95e6d5c3a2a07a582bfeeb7831523767c9ddbb6c50993d24ce790cf370c911dde13bad0103124227dcbfb0ad6f68ddc0428b9c2bcb45d03a9192c726d8451290c90cbd64baeaed1a998f500c4ac9dc7a585b9dee4843a6c82fa076ea171fe3dcace2f5fb16b6194fc1bdbb24866ad5b96db2c3b5d90d4cd61e8e216efd75d934e33f20da2c5b1949d3d504d00db03b565a86aad855d660addb8d32d1754ec97f17777874b0885525b7e8b3062196be36bbf5280741c2a3b104c06ae5d6617217988b3c963a6acee4e9720078cf3acd5f532e7f5b31a497260712f5732443e6a54a1a96c389000c24e67bde12cb8a92f12b731c4021893543c8d7b97c0be1b081b7b635a2b554f34efdfd202ea9910d73b84dffb5b888bd9e434077dc360985ef34e7f8a640beda5d7c202b67d3d9babd6220681d5b1e2772f8c5b49f6618fcd8df41ef6ec1eff6d7edc2a3bd062caf3e1c5d6905cb4769218c37b774872053de62e4bf8639cacb419cbace26d01c43a6a7e506b5f6c38afd7421207f88107a8abaf59c6aa0e70c5c36aec38c94b9383e026f78333f8dfe7a36e28453205ac75b77c0d1e43bde96a11145fc3dca037f07cf96811bf2e69157731cfa42872d99bc7107a647018add28b1e0ddae3f2083562d1c35ebf52c10a49f23203bef67d020616a7855663a63b4f648d96ed4efcb0a9b37ad882d965e13bfce16f8d6a16162a17bc6607788cf287573864f716f7f427ac36a19bbceaab92e7adbbde4a45af2f624e89f4ff679992cfe7949fc2b46c8ada82195ad4e3f9fc412d584278f3550cbc207237cfae00bf9847c856c37e9c5c8298685b972338291e733e4de6af38d94063f037008c981dc68a9914c346b721a974ca0242c5a490c6b96e8088ea79af3ac7b907c33dbeb21ce8ad7b83bd0f582669664240ab001658bc3adf2080dc2734ee50c5b002bb4cd11b14e6b810f1fa293eee1a760fd7a3fa6c984b3821b7882bf9781f0676b73fc49d01e75d7ee91b53ef89e7647547447410f84e12e1f3dbe9cf08128a6db323cbed6e911d5023607493f2b7e8e944a637f60fc03df0df3c8ea6b71a55a77f80a2b79594e0277e7590d45596234409cd874ee443ca9ab1c2dca5980178e19db63878c44af2a195cea00932987550e92f12008bf2267cdbc4fe58fd0af22a6b3d62804c8fd3752e7d2bad200e93116008e124cf25f8e1aa0ed6934a17e35c20bcaadf779fdb82038091e6443574c1fdf2fb40ab1605fff2fa3042878fd35eeee9dedf6cf0afa486dc913b88192e5326fc6c891fbc966dd479cff63ca98f89f41007fcef982a158b6421a6ee240028dce6c5434de773308e9354ac00a5921f0dcc7db9ec38e721751690cd39fdc642d4d0fa1e32dccd4c7731f25939239babda5d157454d400e724c6c7cf21d030b5d7791c7bf46b2d6135a6646babce54720e4a828aff74ab8638960bbed33f4c7a7d1fb8ee86c357b34da82e1989209374ef2f2b7cd29bb6c9b0a7cd3d0f7f39ccfeee32c9c9f168fe4ac63349aa25f861cc32517d9e8d174fe65973ba35cb348e8ebdafaf95d5204ad42170d3aed6324823358b8c3340251e084530af84eca86e6b0870c9e1ded121f0fd80c012251dafcdf6e83dcaf1d172f5916f3e5ad1905680a98c4ffb25cf951e65c74c70ee845b280bffeaaf9defe28fa3216d88176f9b764ac4a917edc906e1ced9daaa924d1608c825cac7d35cf459d047e197e643ada817d0c7baf1279e5dee67c087edaa3904bae1b439db16fc98997e31c36fe2cbb4a583dfbc1f1453d9137cb6fc81ba3909dc6d64317f6e7e0766c93e462f67780373279f5f1089105f88a3ef3a4d07db998ea4489b74b33dabf504ebc226616cd07594d18163e315559dd82a7c9789b4437963628f99fe57dfac33db3c5c40dea13d498b1eb5a2b0dfec1327bbe4db81110f04f103d533ba12c85b32e7fb0ef8fdf91d3903d78379da2b720120a3bf379140df07572d8234759112589f22e3d15a6e57c10c581d722309a8036b2920483be6a53e314a87c8fc3e57bd207659807ef66f6fee2cfd6527ff00f8f94d1bb08ce5aad68da4b026f40e8deff9094bdd74e13d031430cce3b566eb9029ca1a8eaf3dc7485f62c071f1b779875d769b742ac97e2f8b22cc9de81e26d81952fdcbf0e0cf93f0406302d2dfe59d67a22ef00634e35104a76130dc90ebf644ba960d5a6bdb8770ffc3dbd39fa7e70cbe15ef228c7fa4d74d3270a0f32b7adb69e3516f34dbe7ac18c98c2338e8b9fe5d7527d009f85622c8e76e559d36976d13b03fcc9183a619a225f0d5238c846d8b56d741820d17619139d05357450040be34a5c737333fb5729a08b2f2b18285e6b278c22a8fed109b8521b9d9d96cce213f6e784348f1e9ad19b512d1daee16cfb58d782daa08fd997525a73c262a633cd787939ea405a8b7be24e7058ca776a1fb6c8fa47ae2781f261e33850b594dd525668f6bbea1e4e192417bb2b93e5eb760e076fa0f88f8b8cc983b3b17350dc91ce4eb42861022a7b9406bc4860702793d14d6ddc2c6f40107208754d7cfc494fd9b4593a57e2799be86eea258df5a80db2120cd5d80747300fa72d2937352e6bdaab3b2d04decdd57694f7fd320aecd006ac94f5e8edd24b585e5f8711c57dea4233e0fa6644e408612c03362a1f5f8d79e313f06b2005608d3a5f14fe6a7908003523b501badb8b373475c9d33adc86b9fe5af7548c0a8deb0e8e57c75d8027119ebfe4c8257d25ef3dc0c5bdab194013b68a52f04670c53bed031ec143e325469708f9d40aae04500a603b20670e671e273c6164fa55e109788ffa945e9c107d0aef150a5e2930cf0d0accef1cd8c6deaa55bcc69acc05d4ced792787f475e80a0d0aaa4776f27f74c1ac81891aa13f866fcf9e1562f382071202ea5da1999d6758000bc51402b9dde2d64d23915a419620399fd96b68224640850c53568a4efa69eb4d37904df4f2cb045fd1b312473d7efe1cff46860194993be3308b5e7a810394b12c025a92fc27531d290b99c570b42c12b8e4509f31523d2bee8f620f53e0030b5d584837026d799d5d0b3964b367659c90f1d5e21256bae158240feb50f470c35cdd62b0bfd19ef55b5402483e7fe73499f41b0e62976d4593d7797e370c161fa6d8f5ace7afa8b271e57adc36584575ddbd60b82d295de3794e8a13cd08228965fb98cd3485badf8013689e9d50a6524139956f57077e64751a10493d0e9c711d41c1b2dacb48b0e5decaf2e420c0e60055470ea68371745c64208277c11919191365822ed318ddf88fec17b707b5fbcd7cf64f0c2596d76bf7c9a416d7bfcb0d3c87e909e59c7272e757e57397df9feedb0bde871624506811f886129d1adacc81a5dc09a3b8d7ba1b24391a8314ca8bd522daafee6f2138cc9b11d8e63d296dcdea204951a80f6afb21b8ee631c4829a6c05ac041fed33fa1bc96486ff8b15a881a0675873e3aa8034a7bd39929020e837b087650c9256ae5da318fc4d7c464ddc5bacddc49ba9b8e65e3e07aa90ee872527403cd173f1dcb81dfe26c00db59e9bbf95b9767f217b5239200555047cf19103873cd9fc72ae57fb3d9ae43a22a99a7c606e9b1535ed1e51a03959497c2c910f8f6074c7aa3b5ccf9606684342e9228f5d4d8f18364b24bd11414391ab6ea194b0c0191c0b33a428d7427f56789e54892363c15f3da179dd6faad54ebeb4751902b945b1329275b5e818127e11d418e53845409666a352cd9ee935c7f35497fe8bfd34f34a3d8ac73d73766f9373221eddb9eed85f5e20c30f7b673d25ae73daa8f5ba36e7406a9a547d357dbeb579a6fcfd1994d1402758a00aa803461918fe2338737dd72816bf135b7843fa6719eb4d73dccbe327fcfb43e0e59ee7abe647cb7aa1248603791afaebab433325da4bce1e5ab10322fb58ff9d3f402fbeccfb23d20c30993359547856cac9c445358889127b298ee84ba5da2ad04964392110ef085e7c18958cadb55136b1a1620aa8c63c918a1681595cbc109e9ff3a971014b1b244d724fa11a3c1d0bd66d7ca73285d48d0931f38a47691f3efa4379e48ddabc0d636e5ea81568af0517c049fff8afd09107e310a196b621668d603a4056663092213a059d33629e563fd7bcfb1fbd065bb2925b4218b50c316c3dede6f5a5c43b6d2e27dcc6dcc76c0ddc20dde9ee93a219c743cb87fc7550863bb2247ce6e03e8b9cbde7ccf91a1a3b5d10d06e26b8d07f687dd79c7faaa47e4ef825be217691d43e3c449656a1f20c6713f74ccbbd837e414890f195562f64cedc36e01522dbe2857d584d850936ac9fbf86ac0fe3dda94d31071bee916944cb86bf401d1a52278eb9d0c0c2695595321b1c9dddbb6db3c090d27b4111813a54cd8ff3808a2297c6e3b5b12c826009273a5690d571aca1fd9d6d7a3a425e54faffe28de7baa7360b8a069cb71345bd17a3efea69a9fbbf6e69896227d6ed9f53959ae1fead56daa3aaa8ee94be4366ef1a5cf996a12189d794d94e8bc1305d681ad656b1b510284cafcb78013116611e837a9b40050f56d7e30c557d817f8136344ae2eb0275a505385e61f67a61ffeb3c7b9359c86c8ebff41d4f0bc6e828317bca1325a511db6730555bf810a1fba409c0f916820e7ca51e8ba4b9f644429e16d037be3202978f3a70920bf6301e000d15a0709f7cd106d10c279a322dd9442eb80ddd7e23b837c25e6500dc6d093712be86e15ad1b277c8724403d0905364c3581d822d91e8f996e362d4afe2dac063e76201b80ce389e798fa48342751477e26892c8f57b59ff34d18bb08157662901fabc58708cdf84f6d0a7482c5ec6c87c5def3b529418e04c41541136e7dc278a5657cd055499a3fbf60ed7d50f57ba0a0b92b264155a81fd2c4159b571ee3f41342bb2f245b18b69942a1c116a4fb944364196203ac14f0c6777e76e7de540dbe9ab4523800242693fe35600b618e325d2d408c10587c3f281efaa37f38b96745e32be7f7c0f70dd567c20524ccdbeea385c0e663b1130ca6b23eb0d8423c082ce5653289fe2ae856497fbfc83af291ca2ef9beb08f00c485c7087f8b42da404dc12f62e70fea3390894eb49e6a43e694cb13a459760647108ca1f1252ea41ea97c9368b8b63c719ae4212f88871e680cfcf84a553da4b42da1309065baa20e4762bb9d93c382fdb0ac5763ab49dbff5b12e691985686a4b30d2569e6dc71c378e0d4b962f9b28b1b59b0db82a5af8242f846c1208b51e0702dc3e32d9909db81eefb53370a5a3fbe6e3306f20af968a78b6cca3fda4d61d267a3c531fc58c342ba5c753adcfa51706ddc4f20fd65f98dffacaae8e2b082b97a02d2c5200d2e15efd2b0f1e71cd67f5d5d529efde505f2b2655ebc8859449ce8bc5f155c00d0f2a5e0547c25cd180ce7af56cc39569aa788a30b66337d4bbe99760bf01b9c18ee24c7a35ec672b7ac78701149b53bdf157a3926f0fed276acb0f520f4785b946098c840f031f2be8d547a70dec99921065eb2f16f783ee317fbdb1033378dedd0b7eb97ad3d12acd338de1abec74cf28cbda9ce7f69fcd9f022c5b019e0cb15bed0ec6fe058155ae22a59f2df80cb997e0bcb86cbb0740b77ad00676feaaba1ee0bce1b8ba06bbf973fbae3e92bda7d756ee77cdcb7f4a92abd2c7b5d902fa0d802c5085f30824f697af1c891fa3e82128d3d2925335c848188e59fbb046a9ca169b6e3178513f50233d673dba8ede307ff817465c6443b6e9e8114ba0305c70384c1bd835f42f6f8aa56e1e6f14683d76254ff04ccd1bb692ef5b95ad3800335eaae371289a6cf0f4f2712d830ca6d09f8878e9814e772bdc270ff04904ddeb064863aa77cac1b4a75e0f637fa75a9cfa5f552cf2e311332024d9a710801712fd5bb35b84bd6c8d5eee97f69c1a8e0f279ad8bad2041921142034e8dc884e96a40dd0c9b712e7b269b4e42dc296c9e3d4ddeb164dd0b47c9082d7d69d82a9c174fc18eac0d89b8c22d2f33951f264eed6b041db01eed5497a92cd10d48997b323f0fd55b8917dd576d50f057e4f5b2b9bdd94ef3b9c957f574a3c124a2bc16a9ffc5789ad3b62b9c4a371c44f466674005501c87066705d03dcc52b993d578e9fa3a4c32ad3c014e9ba657b491bf060bf43a802598cff30dd3a0057d527a180e1eaebdb0259a1815241c678599bf90a7931fc9f322aa456929f2c819759078a04304071b65b7f07b6dfb4f98a09efa0050cddcb22d9e6c669d09976bf055a1aa222a1ad33090e79272e0c2d6e2fdffee5ee23e575220e323f01f80ffce2d38d624295c3867ebec6f864a72c954a1dec8100d379efc0164ea44d09fe7856ec5b55a1cce38479df56c8cf65bc52d0ad6ec3dfbb14c21508c9126841c6fcb20cf31d648272cdbe340ca904622668084567363392eb95c5e876d65d1fc5029ce786070587710dba249ee9fa4279e3d30a1633c4ccc70342446868b65ae8f393700458e60ea3b5be3825f5ea48dfa221f83777e4b6179d5caa20e7b298e90e1813b125ee4af0d0744000cc8442c8dab807377ed67b0547b5e53fd13a4b63bf858cf28de5fa26b3184fc6b9c8d6c48710ed3adbfb701f1e40fce1c66724838e98b6b7781eff32f36086750bd0c965474b13ab578d31fd8d57c1b843f15b82c674858ff0d9ac9afb13c41dc7043351bb44904fb363978fed9008d5e110300fa0c83128d7782be470926bcd8c626647d5fca4ce6467f52536a9f4da1b316e8fefaa35758f3389ba4ea21c1c3b024ecb100d53d6613ed213b15f09cf73ac07d68f4465a5ddc57a5677e3020cf33e0d9be4a9c34071e79306476c94c54ab0c7381a4905fa064e6d5502379fd6e126570031f652aee609ed77247503bd2d54bc37e2e94b69e838c20685cce41e0fba4c7e3c498f11f45958cdf00d5d0df96af7b0a29a8458054b959350b503e73812ceccddfe17c264f02a575693742c2969ec200e4dba06828fd1ffce8b190f9005464b42f2c567a1a4ddd0a5c531095356a9c4894571a334628a13ce08e0c5b897d4b472726e9082177187d67ce3146698617b21cdbd5bad41cb26483eeb77eba002baea7c7a3bd4521e76b7e265d628a91188b79036d6077feef0a85afcc7fce83a9fd539008a11c5fd5755aeb644045c54d8d29e2d072c20ee37083cd9e1890ac007e90b9973706ab6654141050bbeb2bdfc7c14bc624982afba20b7bb82f500840a613539d3a5da22b21c57cf792a4a4507b949f659f659fae02e494fa42cd59b6ccb9ceaf40e9ce966c3a83fc48680ee2cdd53393db3928205f3ca74ed860564038f52e485b7429b59c7f6e96449875ddcf39a0243c5c0ae6b7d2bf4277cb8da0a9dd0279fce4f9a65e8aa10d2de0e2bc6d31f06ff6db5ae5190bc7abf3de0e3a9d950d15e14294349326dc55f68ee962b59236e8ebe537a311d7b6d8fc8b74b2556e91ae64602a9ba5c2574735a5c7ed737712ad3a93efab2b2606a89c36d5ed2da122e9a8c7eb2334c9abd3486e7a326f8b6d0aef98ea08f322859aaf58b7d11902bdf6515449d779a7a4ffe59b8fb89125cb76d47704ccda8904c1246d301e67e98867a383dd033d62bfa8f1790d17f11753e8de30ae668b622199d77c00793684f800ee67df698861e4f0ca6cf2577c2d2ab153d8077562f1f5564d26da599a0059470581c851769d0984568f2bb1c37fe8dd31624736d136c0d2958679b05499a3751385216a8f22ef043ea4979b9d31fedb40490e348e11daae7ac4cd98c0577a7b28ba79c60930c33223c6e327215cfc2fe4a17822539bbef93bf775edd10b930447544aab02acba15a55b8ad6a3f8309c0e5067cc87c7769a92aaba600debabfac4f30a7efca3d957fe9b4430297f605f2e10f98e61261b8549245235b25423930189051fcc0df5daf71f7023f5dd39d1045e0cdbe4f784932664a2f4e468e0aa5c1780c59edcb90891faafc9f1c12dfc112ce63a7269a12e6c243ba6860b857c94446532640586bd6c1f5aa3e3dc81293782dfd534facec25b3e3e50441cb60fc6cb8fc2e4106a30c47fd18666acc52243028ed95b13c51888f58055bee1c5d1f7e9be860b6cea8ed85e224ba8b377d33c4c93d26f6d43222853169fcc0631d453d1188490cd902e095215590ba85c6a7c1a271a649bdfa3683fe093bbe5aca0fde3fa4d4a6c04a157a11febd3a3e32ec0c8a967aff85c9cf86941d35463b4c8a8c350e56f3f08b6c9bd4388610ef1b446642ce02914182b0cef3b9ee09dd78aabffadf76d208f49ab53b1bec7b4ab4d3203198404c1d8bd393ffc0bb0a1091928a256bdbe742af6433af8f7dfc13ce51e766fa3840d900f719a379ec90113a1a85f0c82f413ba4d42db0c12a40a3eed0e9f735b9eaa8c23035001db6ff07da1d5cc43a90b0a64eabcce423858a06f19700303fee6f7fb54ad5fc1431a2de36dd28d3e5c1da1732549f523c37e83fa5a11e237252a9b3f1e6132221b6293960e75e22663e79c8fb773941c5684af99019879fd36385adc7408464f139c70e81b4603ef329b99e9ff3c0c15deab875523f5b98f5698e499836ee8a3720292c103e124b7cfb445c18dd833676f04118ad2111d99a32ac83a2640813e52ea5850fd30315941797e1f3356159c77eb1804edbcad1c17485b8607b554694a6a389ee86b1adb755bf2df49534720bc579595bf0aa1290bfd54dba8e1c9036f7fd429feb840fa77393d6dc369a18232fdd35056248e33e3fe560ec3c42eaf8caf9c1a0776b8c4a0d4d67e99f59b068effc365b99405f96aab539c5c1877fad54a2ddb61a8043c7c6c1bf94a35dafed722a9ff46ac9b7d7162e0a6962a00367aa336c8f93e0719104ab3fa57539013784783b0c71a0fa3de63ae6149009096f85cb0e9dd1d6b2f160d8e1440fa2de75c774b860fec414d7a9ba7f5c2e2f3e6b0a8ec349ef1b4c5ba25ac73da91468e8ad9370e8be6c05838b082a041100ecdb13d952f76301c1baea23b1194b86d90042ac600c009b6e475ca0b46c418cd282f3221287f0acc53a265f05aa673a2de671ec59e10e229a93e5679ab0b06322be78f8679c273ae71338fea1efc8439f7834f189d96fe18b7a9127fc7c32c868f76e0c394956948e8da35a931c0f06249ec3b2af37d99950d28e2165a8dc82f13a08dbabb95a130c5333caa5eded6475b2014a71fa57232880916eab5a9fc19284f5b6ad050c0886a11b2cef1a95ef2964e3fd2ceda849c89bdade2c499bc7c9c13ec427201938147602bfe57de3d07d4189a687eb0ce5c9f34587af2fab479720d6e1c62dbe0ed864cdc265e5265b9439c8bfb576486ebf5f5e0157208e8317f4eb08eff734d51498a0eb47f1ac91dacdabc62e12d9e8abbfe5eb2651bd25d45e26edfd8a6a742a6183748c48badc2ff71e4dfe07433a1fe668525d62478f1a88d208cb1d746a6aea8ec0dcd40a90ad0fa6dbe5d761feed3f711c6b25c0b38e0045f1720157dd2e6b287057b8b9fed545cea90c15ea3f496600ffe18e785b350dda4b3ec43d2f54435aeb605de9504a30208fcba857cb32ece22fedc439219f85a40ac92164936c8f87f24e6c8a77259defc75f24b0c040a2d2cd6fd4f5202f1296275777aa320def546e98115292d0bce7dfee0c8b269af41256b926b4c6cb61c762ce912910f106da01a0df3190d0010fab147c52281dfd0a2a1d13c4ac640d6c6e4cd140b22537ee2fe61c7172a3389031dc6814a3961356f15bf56983c7c84cf6aeb348bb88fa0ee60ec0f36b9c34c2e0de0b5705f9dac1ce13d95ec6de108fc950a5d55398a5893cf9adc818e05c6c0099933c3d3d06d77a2acd31979ea7e37e45b83af9f14ddd78392b7bae794ec11da8091b05cca6c08c46b9f722e04f8436af326d23e60abafd779a35536a7f562b6ccb53ece675bddb5d00700b7c57fd830a15c4cdefa58785c5fc94479da3d587cbebaf05a9824126acf09c480fdab4066dffd2d7d937b6ad3486e7408306740fc3fb6c97146400f2161d285291896c749b0cd2c1b0b8393508b40a1ce860c04964467a5d580824736bce6dd3b79819b47726422a03de1e8658ef694a9ad54a605f14fc2be527e08d5818b6140f96a34d27ce103144b97ddd029189d171836e297337f48b9050ceac44ae77d5e1758f76926bdbdd204b9ea64bc10adbb5ed10647f12914a733f28207a54f17467af248e56c843e020560b6697efb97873518013e0e7e2e73c3b3b351eacf01cc0ddde70938997dcb6a7745474941f3c571a453d3852b135fefe612655f1a62a3809c3946717c328e37afc80651de7b6735e5b7db703b47c99b2d3a6c93133dc1432c710f04472e2e0ce6a79c32ecb9521d2168b69277eb759b4fac522b34e2576d20c601383d5909d3dbbac669dadbdbe65ce255367750f69640b58dde3dea65b27473ed73db0b670d7638956294075e2bff25e19d4ddd03705bd8f52bb69c17a9afbdf5bc6042e2c39fb2f1d54ccbd79a8251b20e394cd7875c1baf5ddfc3bc2603be8abcfa79dbe391cf050cfdc1f90475f4aa6ab22f2dfbef89756e6330d10a0973aa8c3594cef5bbc73180562fe389594dfeff96b162694a78811a7bc4057fc703419993c49a034f4b068000ba41d3cb77ca9e2ef1b3c51b15ad048e2015e9ee10df082fac7a9c5fdd6eb3ae7e9e7e662e7b884886b8ee4ae09da2b5f3f9bfc88cbcafc2954c4192f94c95410845c78f3308e26a5c8e54aec49e43402e7c00eb0cc0a967528ebdf54e4a1c3943f81707c175076f3b414cb2fc73ffe961fc32633fd718fc109c9ab7b1f6ce2915d7290a088296d2f6cf0d58d13080a9d110a8d81fc9e13044c621497fcea930c1e062fe979f36eb3e57d539e3a86f63f93ba2856cfdb1e6b1dae0bd01d52f8d6a71c641920c0953ff17f102f6cb57595879dd5775e7b7865f52e6517a8f76f59438c18a1267e2728de6dc984ef627033755dd4b259c282de681716a4b6596f08a95485e7454e1a8efc3e4000dbfb57ab65a9a0571c1cfbbd730063a0709756ecbf8338251ce879bc9f2eddef85ec554402567e3f529641cac5a2462a82906fd6f1129d2e0ed889a33c41bfa5008ad7e24a770b214833a32d2fe32aab5866eefb2a8dcb90f1a4c6c9a7701e44a117263c27f9fc32764c21c9dfe23ecc9a6b82374a97f677e773cee5b751228a749cfb6d2094fc9b66ed11aec39930b12c5223c9d15362306e30eb5cc8b16ae911763d548985398022ed0895f4fd11409f4574d1cae8cd8eeefeb7bdefccd2d8fc1e1cf6b856f8b65997ed62a56f5875b85a085073855bf471bec157600968e23a75fcfeb651f547f2bb3c3249769d0294da199a252663a435392cd2a7cd03dfa53919b3b0001fe1a5fcffc4688c51af62f832f2b48ee9bca5713cd13f78c6a627501e185ea8804426624cbf0f3e6ebf23c08fea1d4cddd5ca8d207eb71a783cf4da8de980640da32da1d7e6836cbf29d39c1509bc492178e69713799f0f1cf0050156f9f0166e135107fea46cab3f87dca7fe2e81ec688d09ff1a592896a6f0bc83b2089049094500791aac2bd388e6e837c388a50a44df92befa8ae3ea91233e33934f0cab59b9f664393a26b45bfea62a9475b273bd029c1f43d88fa87063b4858ff4934a8f54aa4aaa02f1f2cdce14230ac6635400f5f59f854c4de0e91dc4d6d34f41dd40aae272546cfc8ae4c6b988db8a84e118576eb6cc582cd903cb9a93771c19bb13877ca9f4ddb7f5cf7f6b543d208c17b2ddc1c644c5f3922e3a7c4148fe4b45cc824de704baa48f949d451405379e13d38bc6e2eb9dcd93665f9e7822c0a6a314452c01e47c8f91522787ec0eec3546f8c0b01f08bd5a60166d3542e704b9793fcdae5f46b738aacd01867338f469b15de7e49a0a49f1cf17b403140dffd66c883acdbbe244aa171f9297cf62c11bf2a684745ab95363661ba923bf916f66132efdad551ff360e1127d0ab6b3982ecc37f437a323608472c60feefd923369cb989999ff928adc396210afda442a9b4393a72fe6e0ea48e6673bd8bd62b70aa7e5486ec2982219c7f2c9d50e1ddedaa52ff45204ee613182829a5b1112936eeb566041142f8504dd2e4d1a0a2c97f1437378be16fb08b2e7a8b5d1ae6683915747e5bfab725af86baabaafb57643422b24a7d1dfd9ff8b5871a2b53bda9f9b347ec6b9137e904719e0555273b91b92f326e7b44c23a37897ee50769a6f27d329398ad72c42b7454cb6247ec3e8dc94df59edc303b79159a85fa5573291a57daedfa3110d305df34fb3f61c5550aa550cda8ed99559bce2b1f43507bb90a470e4cbf445fcd4faa4249f6f9f0379ca55bbb475a68c8071e3beda5b5c2d2c600414af64ffb989aaa8118a79befe60837527ee0f48a2897ec8908d7fb2612166d762912198332defda74b82561ea69a3c6f0e3e95ba7b319f3e7f229770ad99036042d9286b5fdf6ad08c5e5896e888e37406b5edbd6b9f2c0b26de958b4bd72c60bd11de336ff1f84483af233bd35293b59e769f944b2d1f86175fc9e20338db2d31910de033a8fbdc0f16c828b955ec3cee1392c6b2ed7372ea37c4ff1ee591f8bad6fb33b7237b1d3a82f6c699b8d41e6caf47d65a4c87fcf4b94199d042955b66fcffcfcb37e0fcbf7fa4db33a14d1b6f30d688ac091dfffaef2f6c5da42e385f0892ed2f240ecfe7a88c5d647314f38ae0696263b6be75ba2fecb850660127edf7cf347581211a6a5af3f4ab560e0aa80858cf62c5bde776679a498bd551c769bfc2ea11cc2dff1f58742b96311f349d7f0c982992bc55db74a3c9a71acfbb728e9ba957b2c5d4c064fa69693ab7e02546b0da74791740d76ffc9a1855061702580dfbac4e8e17e82b9f7b1064dc40ce732ef38a4f1eed0d31c1968eadddacbfadeef621b3888850c2e09e43ce0bb3830a48bbecaeeb205b06ed14e57ffb5bb8470cbffa2eea9eacfad4f39a5bbf933ade43fd6c569cafd1a446a24a01acd371df4547afc2e4c1a4987c9fb40b2356a6ee81ae50bca519c703d80faefb43786c3d7c0904510c9f4f0d8f7a358049212a9669aace2a1a9e79ee3a57eabe2a94240ad153f749e52a55543940badc67e4d35d025e935d8187256a975c4ff257454cb628eb635e4989ac5abeb18e02e57a7dcbcd40f8e4eae179a9a86714417c68e093941760037a78375188c57319e381be32fd81104b1b8f389f8aac140f808271e4104631165d5fae0b1764460fbc039fd7ef80171bbbf1d23ade3091479ef21bb1c71a5ed6ce32d5a6b471e489c9484dc9caab686a0f4c520765f2e61af4ae74a1f004f677a0ff2618b19970a40a30a51a62b974b706c16e129768fd9574fd26b4f7ec2ad212bc03bec2e8379c68fdeb7ab780bb2eb2116a6bd404b3733fd1b5fba8fa405e18d840a83b2e568de615fedf6d4cad82f22c2d0696c006ef2ce13620638e8a36a7a7d406c74c6bd62fea9d1e1e87a99d793d4ad8c9692cc0b7e69af653f9d39350fd391fce2e7f6aa8d25e4f5361058b1b9f94d3546777601d8a7152c62d408d1abfc15ffb66b3cf148f9465d4a0c88d2e46941868556aa5851c78fabf217316ecc93d642a46794d6671be8dab0057dfd6bcf87e748da01d854112841f5d74b326f5491437e7b8e10c51c3a0ea1fc1332a8b2a34297aaee549336319c8ead5b3fc1723417e2f8155a3da80eb5bc8add8d74b56beb81b934af28d1825708b90fc8ac047dc29a3ab62b64bffc128c7fd772d8685f1005b1ac588747fe1b7960bba043bd5ccf0a6b1807619b6f48b7a3878a8296af06fdc947c51a1d6bbee1eb6245e54fbd19b798dbc889ef489b13d02614d6e6fa9bf451ee6b48fd9ff915f0d9d57f5617c21eb8e50e067ba0635abd9d2ed42fe16ce4a39cd709ffa827696b992beb1f89e693a6708b0066183c744b916019465d984c9aa4260379d3461ed70fd69eeaa1373f3f0f8af8feded3975efd2e22f3350092bac16ba5d5bd48ade6ec792718d44bdc8f80b2a7b8e1bd96fddcb105b45d21baa1f18f5030bb36efa8046aa9f35fcc36af6f057fde174a27f8341b4c58a29a4786935165f401f3cc37bcd3b7fba9ed6d7130410d59f7741e68891b8c7fd9c1cb120cb9c528bd821b9dfc8c979f988520f427d3451700817432209a54dfe3fd28dcefa042106cac6c6a884480c608708dadca4b0ed717c9ff725cb7a4a25dc6e59600d5c65daed323fc95e3097478e1fcd0bbe31fd7b327f019f0dc29c9c728e626dc82250b24047c55cf8b62a087ed5a83f5f55be33709d4bdfee8b5e1b589813fef6ce1b927044824cc640825005d32c5de183dceace9a643c94269749daf0311f6f1ea5a5b779f14c2e692f90504a1c2a9cf95b78769a2eeea9ec2889ab676bc36f48c1a9c9a044d6e10fdbf3b99cd055b6cd64ce5e03e1e17737df0137b857fc662a9a61a08992559aa09fee3628de75c9c5101c4079931f2c05e139b3038abc10ac8ef64f76a64dacb14b3ceef5cad1720acd86751a5c03803a55feeffe760243c8e87768020b5d2f56ce9d9bed563b97a72bfbea996515bacc1e24586acc282021154152c6c9c7d402ee87d3d770b256b466d1333cefa0c33a85adcff555f08fb7e07058ceb003a07ee2d288ee9b3a2579927d4b41339548ca3aac09761a736b04fcc4826e539a2fc0b3fee02301c996a62351e3494549aa0c1b2794f4fde83b622189f9d1d032f30082be163771a23e82dc3c6d91dbad541c12596cb7df6eecfdfd90ddd6305f1a4032e6805513b484b858ecb9ffe4ce314c3c2ad1b52fff918bf43b2246c87e37e9f05261a4fe2dccb2cf713bb9ccddab277cd633c150ea8cd11373278fa627894455a6011909bebb470163c4a761937f0816a160a4fef2cd273b8f6656c0d164938f9e837676c999207459887a02f6ab553796e767fb71f6425b57f935b30b23f4edc7cb14afc0ab47c23a8b8a40cbf8bfb8963215442bc1d6aecf03ec50520cfffc44a89c5143a80ba70e6966e856522dd6f08d926a2c980fe9ceb2e265c5bf75d52a2dbb2210ea5167b3a10ed0cad538ef4afe1bbeefeafecef7796611bb1bdc0b1e5c5ac5ca512ebfe2fa71b9d489e4cfabf2ffcb0e62c7a29c791f970c0e20aeffd6bed1030e6de8c5d8c506404b48bfff7074e912236d62c78b43820b9d94f9d426b8fef22e239d3ea60307ff897f8ce1ba657c71d95455f3266146f6f5ce5366991088238434fef5518fa6c637939f4f7fbf0228b10f21a9da896bd098d3174a93045f61df22f2bd1f0baa6d46bcd4efe8c5f8a6565c52af3d906807dfab48309848cc4d2e11a2f1aded063b7bc990bd62af2aa34b1c13b69f65cb933f3a661b93375d9b85a8388e0a50be723feb865e0ea9a4b93c94551be964fa7d13a59b8e24b4e2b0045dd234d171a4fa2acd84921043bb950fa36ac4d4c1f1cf4383b8af18a6f10f4158a96127bece4c540802ad87ba57cc20aa62c60a15c7fce75ec3e375988615e3f75a0cf4f5fb05913c284054eb910b86acd36f15f66f9fe7e0b443eb59a784b4e0b9d6922260ac16f2929c1268453e788081b19b614addf4509c492c26d0a50ff131924d9b2d2496a9b7ea3203608ebb2ebd71d900aa966feb2f74b151dad951e012481e8c928f3cae81d07d3e56ff7a13240f3c940b5ee1f49d83f77151d0f1e6c66f42f3b8fa64a43b9246422d411f508d06e39dadaf39dd354bd1532c5ba081c1e6c17863c911e76af3758b240ca98a6c3fb1b8e460df2a6b280ba04e3f58e8dcb158ecbc740a071a338595b0e75094b261fc0442029e1fa668d51e3112f78a266b5bf6c1ec36ce562a91ec0efb398a17286e8e3ef756eb0e161a4ffc1f3346ac9b5864990cf896f21a738d40deffe4a72e7d427d3b3476de0f6c7c773a1750ecd37e13abe8146f8c84208a28269ca8f30004cb6434acabe7185cc4c9dd87d427b8f5089fcfbac423dbaad38c9563637377c19a448717121b89bf401463a0c2da06d44b1662711c8b1e56589ca6a84da033d952324534ed2ed4cbc83d716afe80ead0a5ff941268136a6e56e99d34a95eaf279d9b20ac1f2ea4b08c9dd895e6bb919ff005eb64fc74b1181b779c3b7f7bf63f4ffa49fd40d9d9ebaee3e33351f2f807cc3630d7a223a48114b7c5b9ad3dd3334a2e90dc34ffdd9f28280c74d241c410f247c76525fc69fb2eb8cb0ad6e7759c0dd209b0ca7d4270c794d9a1a46502e562b2a6eeab995a6964bcd0a2d93fb824f2161aebcda6b3c4315294236660ad846ed0344d1abad5c996af97e682771f8961fa076600160d3fe0091951500b59eb3541fea434e25123d8ee3c50d153af4bf8c43c5e120c61d0f2c298f29a91dd89c2502b62ba3276d961ed482d79ff065b4c4a2afb1aaad7eb656293ebb1146206f28c8e5ce8af7e03fc40f3bd3ecf5280bd8f9f2e9f13bb29ebfee8d92bfb23fe96ea0fcf8d866d4e4d4d99d47e77caf330d94290caf07a0155d063df8b329bd93ee7cdf7b7d0e62296e1669b8ba9babcb3312708f95bd8c8f640f52ccd74245c2732a7158948cb253e54a212c21917f67aed4647c1ac29d567b6e249bf70d04cbc4afdcae41b963320274e9b40fec54874b28d82ee3b5461703a33fc7126ee59229c5e354d9d8cdeccc45215699cee5ded14d70ea478c4987a1217b3a9f05079bb414fd90e75dfb58a3a5beb942deb6ce3f36c664c61d38ca6ce284f07c0642978f865c863c8b7b90c55d83f4475aa97f3c23220394aafd70dcd6e4f897dcc29b2717fc645e6cc07d5aaf44a9175887fdceda90afc05ac3e5c60bcb13b374db942a273d3505db33d2b2d7caeabf18c4b3233656089916a8cd054ce3c8d0717ade6f6148e90db4c73ffdfc8816935258c76f96e9209e6697fc2b3c0433a2c4fc61ec7d9ed553c2462bcb2a5de8c063e7996ca7802279eea99085d286fb716b8a5107fe5bac2e822ea562d068040933a5ddca4c25933c4b6513eac9e7d966f31dc06a6de0f34a8c1d240591ed462dfc2112a85c349337bb2a424649d07481d0894708588976e766ab06af470d5887e0a34fdf6d6ea4b0394bcde3fe5b313d3b7a7e3188f64f3935e969feb2dc58f97a39af933e62476410f7962ce44421637283b7a9ce1dc8b8f67f4cf870536dadc8ad56828bcc20c9fb51cb9c735e9259883ad16dc658cb00528a1ce0ca6fa75689827582863495db498d29b7cf21208ddfef6108c8f971b19da109d0434a24f8b061c1495c83ce8ff1685a72e312b10bfe2b134f72b8e01f4b492568ff21c4dc1047876ed20298e9440dfc3c9a84d72341c0c378cd1cdfb5b7ad7614af43eefeb71607fea8ed381533ae357df1dfe7cd772185ed902c4057fa0dec621edf5fbdc2964a4b9da8878edbb7318d849d61cc0d30d0bdd647159c9855f50e12d3e223e04340da0854137cff525051bbedf65eacbee6ba2397df5689b21c0efb1f334e5357ed5a3b51542d210e186f3937e7512bfc3be783c6bd36ecbb52d246b1c6cda47339d4733bdf047410dc9068b5aeedae46e93f6d47a1d189420cfab858cf2b15111eb9d4bcb574fd01d532062c52142315741d975642b3c819d210dce75e966e7d97ba3a5b62a9f259b2ffc30f13e2b5baef390b873a1a1a937cf3b50ffc1bdd9451c62f0464c42dae0d11d2b9decf0f7aba6aeecc27ee42db0b947c06995cf8d1fd22cf4725714d78af15f0f259d110391d9effdceefdcfc669a02bc861c3b5cad32712a19915d441ea45886d97f792e014796f16559259a26bbaa5a370f44f77bbce56f37b453423b8e562c87c389c85ccf3012178b16cdb334bd46c887172bfc1ab4e29fc8ca3dd6bd012c054d9fa1d7aefe5dbb00e5f65ef5705a13b9921de9f960d0f9e64290a41180bd9c5ada3d8374b083e53dd168879c4bd8a6266414268eddc436fd5b41caa629f4705431b235e32480a8509c6153eea014f644800e3f52d8a18e8384e82b6d1a14c4d8d40a18e6e45e65e94426e807b75573d5eb74c415ec345a7e36f4a1c33b71c42b1209ba37f56055a78f39ccb9c106b6f36425df6c4d21af1c4a456d5975fb6ebadcbfd7809b13cc5d96dc8338686c0bbb8d6031bdfd91de8299fda81df8d9e9575f010239ebc14fac6b85718af0330d73569a74356466815edeea7aa858478529c18aaa2fc839a799c8e463399d87b24f0c86ed862569a84c229ab0c049a0e5cd8e7664e1796c25fa731dafa642a23674529c4585706f5e9e6cb669e010cf8dd5ce64db0f1c5a3d2d665925f703378202f127e73bf3a5637c59978ee626038d838f920bd2c8d6bad04263a7a554bb878e5f0da85a3c5d31f282b2888593a40488ea1218c5baad092a9e166776787fee85cccbcb5ec91f95cd85160c3805519b8b2adef2f58268c0f4c0a9e520044f08327add9f7c6a25b2d585935b15c4e778520566e7c84c544eaf9dcd0cc70ef56c82521d5604455cb767004b3d1e3869bee29037f239eea6cc55a1c46ff4e5a0ce091400636822fb519e9b642d0fad84b26015fb6c1c30069194a0f34a6232cf213d4029ec26ecceb5c87acd651e7496daf37ee1655b0550e49974fa1fb7393620784fe8318b8f6b5b787ba5c77b7bd8e8cc9e4b5f9f8498faec8e46795a51e5e2fcf19d20093a11774941e06019f649dcc5a9ffffcd20a0381a8a294178a36a56cf86c8583f1eb0c59ffeef3b3d9fb447f07695238bb4528a032c54d27d1bc0345d87e0838d5b75724ac9c849957ccd35b141a8af5ce8eb57dcc2068f84a171089bd37163e82fab37b306d01d0bccc6ddc71109d03334aeaf0986c014d8420f3dcc040e599f1df1a9772c0e96afbf48838883850e3627e2c5d667b525fab05fc418f48d5ab712bd81ca26dd01487370a32781d2b0005d16ee73af75c6be8a48f13bca404d1f192c7a8f67ef07407be61722805d8bf870367c682c5a7f76d73f6b18143c9181c4e8eb92ef492fdb70428ee11b7dab9beadaf1d06cb2fd1a2f24fce6700dc3db9af6a976466a0b7b938878fbfe81f2b1cc808454e33b3d5ae608cc1c3a84a2bed93c7228d91e1087017b58d08f7751bf79f52fff32bad4daa22864e83d5f5772ffd5ab0c49de777488edac2d19469d575cdaf8f625adde6e0bc3083b5c4c8319412ddf1fc22787590bffde930ee7fdb3f30c15a3fa5db26d37f61fff9a395ce5aef90e60d1a980e9f43434dbf32599f53ad2afc7fd092f1d32ac588160476daa2ad344f9dbb9f9bb3ffc2e52fce6c49de222df33d9c2813cd0dd5471c16ba49ccd57d6a5a2fb3614681ee2526fc7f69971cb456e332338cdad527d5d3988f84be1b087f724a58f02f2affe492d88ad6fda278c7ece60f3535e98f69b3bcff8d7f03da1ae110994dc0476a48d5a72f9f5e9679b8a083fa22bb71005e72d9006d961d9f95aea9dfb61093d4e21c552bb4e34443d8c1a65f3bf10c1c6030e2e6e9272cadced3333d2b0e068b9cd64acc4a08bba4d74f72f3649641d78edeb986a372943d66997aa153127d9c24ca3c616b252cd6a18141973090565ee2a30fc77697e6f6054aec1aa68521daef3a203991200b0c7d402c7c7d40560242a0da7ac369d85342583ffc5620dabf85513c03fc6dda46d09e73c17d117393f231681a82c9cb9707edf85259a5eeee3835a908e07b50a1f1ab70cc434fb77f122e4e636be0db00456e3ce8e0563cc334be5a80efbcc06e67eb9d5f87519527749b18f57d7bc75c6f81465acda3d04341f250ffc750478cc79a042ac2bd3de1055028a9bd19117c39ef81620918ca912e5cf0c58ed24f236c8004e39dcaea7181a3afc7d858db677446f976f305da8bd5568dd78e5dd3ce6a15cfa93b90c3ceb86d027fe3d1aa8ece016f3747e85add2d20909342f1b7eed80e477163c038fbefc5ee49d0f45f0759200bd6bb1c6b8d6535cc640b4d9e2daa453d74d894e74b91a173292868a377fe7f7a66e90672ea636c9a9d252aba55729b82eb39f14fe7a9a24ab80f9daf10ad998e5dd78b3a9c61cb4646c6a57e6e9979dc488d7ca524e6e5a6307927a55f062ba13faa4b7c24a8f3aac8522a15ffde1a45f8bd7f268194a92e2caaef55f017393cb177a04c11e9c567909370508c80746638c13b057121421e55bc74b15b9ceb20df688df7afb66506793cb21a1c0496530c8b0b8c21961eb18a3a59c6e73cc45bcad6d74e01c7fc6729fb7997dc72a577b8dce4a891bdadd6aff8d8aa73fddf7734815f508824899291010b7ea90eca478933bad21d596a155ced0e2540cec8eef294e56fa604bac70b56a3b418d93d389b6887c70a4ed5e4736a72615ae6d813f1baa46ad70c076203b311ee22ce4054fdf25dc2c8ab830710c6a536177a47961b82706a7b55c01d30a244c560a7a5343e67c27cb2f63617c98ff2ada0cb01b2a4b3f091ce8d880b38c978f3cd12bceb43759e4e5c1a0efeb4a85c2daaeb5c4118a2f0078e0615a66db1b04accb163193d8154c126e012528a838c0f849fa254e586d8ca91e83eff2a945f216d2b17abd9888d4bfa24d29a8fb96221ee253699ddbf72bf24cabbb7a56d1c9098063b28eeec412e3e057e75944d3d8be9aef8a7ad45f8722b8b4b893496d8817923c5d293425a61ee38097e85475d729ec70cee603dc43f35e461d0782cd88f4f695af428af042c303a25a17cbfd5cd88bb3e8c0626591ae7e042787987bf72ff7ad18241201569d142a5c62760d3c3c8f425e92746a8b274868b6e9e7667c7d8b2181cb6d552f3662d7da40e9c0c7422dc8ccadfa0a672e1587d11b1b7adbbd662b7d3775efdc9485f410d15330326ff4dbf476f7168c78ea48cdc6e4197e4bc67d25522390b9ca2d4755a73d5cea2cdc0558ff51a816ce99b88eac7b6dcd2a51ad0008910f6cecba154703649b9021f06df3641482fc5880dc15d2668b6c75bccf1c9b0619972246b9866fdebf835b8343a38383dab9ac8392a918db5144cf42fab8fee13c87e950fc70daccb8fcfa656a794cd94fdfdc8198a97c966bb8eb591fb2c92a93bb0b88e0da6fc2adbe3c6bf3af8ecc3a7ccac292d65c98457778fca1ed5c69215601fc81aedf07ae15f5bc9c0d962f62546af4295fa7d5e8e242bfdacb7b65ed8b1567c0c6d97dc6b576c64990885aa6be9c6e6c9c9a5f8e1a3c2417e0fc071b89b5b2f6bb117d43a9f9c0003513ab02604d95f78bb2e3bfb2e7cd185aa12799cab20acb3dbcb302fb10218f988683c960ab478a2705adb6ceba9e29eb66356005417cdafd89e8860456c0b79d25a344f5f64bdf785dcf9884b80052a94c5ef6d8de0ba2dfb6853533c833646e12abf8cfdebdd8ab875424ac0c1ca314ec0389f3a88b9d3078eaa1933ecd638574d84409df1d6b0a07be674c86f93744e170ec3b47c10b7a6a889515263e930697ec60de0d13f50d313103ad97bdec59de80bb004c875156693c9aaa35cedfc55cd1d3d1ebdb6ea893c8cbbf14a6bfb5dd87ddcb780d2f1cc7dad11d0a1be3d7fade1902c8d7ee5afa7cedfd73cbe42d74c9aa1bc371e20a188b0b85a96e365d9ad70423ae22e0d1e47e77ac1ae085863beff384243b664c7df8e6950c2c2121b6e8d5f021d0696c5cb2b3090d1a561bd8a449bb3300714e8575b69593611ce5fe82694b056f7e8ed8c7abdf32b5c87ffd9289215d96b6fd0b2c6575d822db69c3d1c514d8b1ef9288e646cdd5c2ed769b952486bc5ec6a5f76688495661aa4a3fcc21fac3f1b28309d0bebb61032704a3d7a6c92a8770e66e841a87a4d47e63b1c607141ca69559147c033f2ec71c5991129c00481af3d20f843c6d01d0247b0337d88f25d8bb3c4079dd7a749c840d80f3d7074e74c88b0c61a355e4ad552b82ed3678a909bbb282f9a7e37c1edc4addcce2e4cf397dacec65f8dcdabd81c30fbdff8ff6fb273dd10a905ed3753ae82d52a4d650329bb81bda4af5d62839d87e063c246db8df63a808bd04643781cf6ff5f6ec62bcbc331e4657913ec90ef7939cbddb2943e5ed96fb3e3507e1487d77edcbd85042c4f6edc8e1955fafbd5d8c744bec985d9edfeda8dea4e2dd39479b3fe6ee85caf27606aed8b4328a5dcfbb4d121d220b68b4f02766c5388e76ba4643d0b5d55a8afe3d9f5c5a485aa33a837f7c0502b375685a0aede22d8889112792313da57b36a965888324cf354da38ae7b1e3c34a6cc6774650ed5d6071b3cf3049c1ec61c4f5d0243fa33ee0050362f82097c354fc840c29799ea4b241eba6f9186b4facb6f7772c7a4361c5fc64d00a80c98d073ece24221ce0870ed061ef4af971b93008a72c2e4a10668fac18a96c042095d6130e62b03e4ee7116001a95c98c42be9c59a2e6a8ca1a8394db41f57d21ce1bb96151e447d41dc9408490dc61c26c6dfef107d03d6c44ffd84d67b8a721b28bb175a96efc0db6733ff4284477cbb2b6938da27cc85c9d4c0aff432ff5a9df4c71da2a3ddedf81c661ac2c31de51d78a164e2e2939b1d4cbe248fbf418dd87b199129cf23a6ed08cdf57ff4b770aa34c0305d5aabea2055d74854cd2b0b11c5c717eb75955a80dc08c044892d3ef8f0f2a7d94f798eb0eb5ecdd4e30108681125733d3e3cabff3573a3a73002a4b5966a426ef3726856620240426ccebf576ba711509fe94c8cd63869ae70627b42e5d0673a25601d19855d411f2af6dd64fe3f3a80be42ac30b5ed48f4327732caf23fee9c7fa3c28e02879b22044a71b5b2f292a911a6d1da1aa153c76b1bec58f35fb2af9c2e27d4b92361af2dbd007a1d98c43f4c2289ce3d6c14837d6d42ec0000070314a6bef58f55f3c59c1e53210d36fdf6a6fefb9d8d47b022361b8b0f91f6ed93c9e0c361d977d70a41b43ff16d41fb7c8766dc92f1519606cc803c1a5d0212fa3963e5e89d620043bfffbdadb67e2b08f2f0253919db0da3ff09dae138de01a81c441a5a7ff49b94f0ddf4a2347d66744fd60b052503a4b2401651389af5352ec925656c188d6ddcb1a15c4d846b9c03a3c59f5bc39226c2d98a1d95233861d1606118e13579a515d896a11f6c65974f340c02be359a6f71165bb57246767950e20fbd00af7baa06cda65363eb69162c0545d2e6f5be094d4c540387ba8a21eee6b324a89394526e39cebac561d08bf780a8a29674ed316e3ebf5768471c04279acb676444d8080c18de08c82b5f45e6379bd34a8d7285e7cfffc65a71f66a19b349526daa4e44c3b00bae5f8f557c2965bd341d8978af3f845a72d728986d20f5d39b9d4f1244e9a06a6ef5d62ac9768bbdaa37942c5be898cbe9802bd1d4b4d61167c73e189f417427470720951cc98973ec5a453da3a885dab6791a80c476b84f66aa6f8732f28656857fc40ec8c37f4d076a205739fcad35499746571c43fbdefd5d50a3e76a80952f5faaef293d890100c6f25a387a10fc8c81a13e39905f64ef98c2807905bc14a7e0b53512bec8b4cbbe7ee39e528302bb5bb9d55f177916e7581b3e0ec18a2c20ac909f84282ebfb01f07053448a52b53620a41c6173adfbb09f2b8b54e9c633a2a76c38b147af088963b64ec7c45658fa23810bd6e4c2df810ee0b5bb04621a1b146908cf84a07378090a082ebb0b72dccc166e5e2610d49246a09b69866a70d0f6c8cc6d468ff4f2a6eab6fb9d9b48624fcb9ed335cf11ca0a14f1b4369f976042211c5783ffce82b4383e1257251540bc79d8a2730ec7d9de9424857da2f5f413885f919cd2ec0e546f0c93125ea97de1c3b5d1a1401d8dc1834e32d1d885c86e14920e6fe23c30f8da4f1845b582529172692e6656ba5a3145f02f7e20dec5f6dc65238f907900b1482207a1d710e02b2e5273f9444db2219ad83d61d4f12fac557365b547155bb81e5db2b98b5a1772263bbcaddcdde8ec06e36bad1e0fb3ab36cb37693cd563cbdbb8cef396bada73314f2003a8a006c411d966d8284751aaa686a3cde283471b5983cf6383f7d7725baf2bfe90e2e103b094ccd1d01800d4a05c856e30bddde9e69fa1350f870dba7da347c0b9a56266c2f61541034bc7acc8e537484ca79ebce9c661503e2c36d83bf2021f795cfd53c90070c02fd8d3e239938a0840d18c39109e60fbf61c29f20dbc83b77114fcb78e479f971bc1fd0d50ee37ea863c27003c3aa2b2a0c0e39d7c03ec80a3212ec7798a0b67cf725fae97904395e21dc4e9b33385647c1bcb068b93c3b5e4abe0905c84e33a6eb24dba54a6eb6fd0e8eb63714565027b3f740f5bc0a0bf80882aeb0ab708eea9f2aad5e57d68acba5a0e51076724271306b7fb14af91b6d79e5a0b3cec3257e62908e6bc12fdad740de45eecafa5a73f9751a6481f61b06b6612a1746997bf42e759b74215a1523f969611b37fa6bdfc6f9f82d571db99f2a68248e0c71739a6fe1b4e40e20dff17c99a59deae172eedc942ce33c853e4cb70e18cb5d9256b1b9741d6076f9a6c05496419a285acb03118a1db7258a0000460603ec867534734c4ddeb5b45b656d2dc1c8b200c562a0b324712dc19ae457b5367b9af316047afc59cfae43ab123004f90645e91b3aff752c0a78e1bdb6d084c9dd46c7f7341e79b242c000431b68fdbed3eb951107e413f189c730a33bbf3906f8951ee6ad04cd2c4e2bc16bf0830c983017da4b5df39301c83be434b0ea7b0e3664b7a9f65b9409b5c4bf3210deaf97495a7552dd152ac0cd307bc383287a9be6f2317d4aceeff1df65a7c4d87db67efdc9e27a50409f49f5cebecd4a7f0147aea5ab13afd8a0a8c6cd07f545154990366c5b0e6641259c3e6a50d73eac5077c40b61ad8c7c73aaa447bb6a510e408328253dd349ac61b32c6acca5c5ce214cf3f7a8f178324cb472b5f9dd1c88c719409c3b6c59b153069ae8d7c587c050fe6b74ca2cdd6a5009c05c44a3da275be41cdd5af97d144bdf456eb3f3b4c64020d8c5e83d5e9c0d6e34488663099347029e4584753e2e8ec3f5ec713e16d535bb47745af69332f6b2b6b9c7100bd100bbf9a06114097e9bbe8073ed08dfb6709508fa9be3afa29183a0dab0ab064d0510c9fa02004a564c83d839698d1ec7e329822ec65d196497f892b702538cacd12c283ea27fff1db18a3297b91bc27eb59ac2ecd39b9a9b2d0a1569037d873b0d55ddac6873668701ed89c7c7ab3744fbcfae39c5052d0231e2c24360fb4c86c7c68ebc6e9852a6234d9c1c1e9d3cf2df0540f1188a71c339059ae302a786b6a9451940b768af37aef68ffb819161cfce1f28aa5b7db9582f87a4ee5e3d951b8c2ddf09b226fea33c911f250698f592b76368e38153de15cb6a670b35a944659306d61b8d9fcd17c032072f209bdd6e31b49edfc02354542c0f8cf5145bd533fa799cf2106f0dd65b8b90e7285710548621953f2bbbd7d6330a75bb36eaf35e1feca4c4ba22434335672625ca48b8f44c7e52e23696ed25246a24fbfa9b1bee57aa208d605e0bea2cd1f6cb536c64b679434774396de2c0faf3f8e57081d498110eed66975a3fc85d3dab99a7c745cda81d4db97ef5f93ca8cf6c1410a45ee38bec6b403fa527ee10a437cbdbdf51fb5cd995caed0552d13a0061cca4df3393698197335a7eee7bbf61227ce3b2c42b6952b67282da60511872bda4482e499ae4db3e118229de5c626443c8e1e3224185c517f16e1d8776474552e8aeb6f899a183382ae8e02dd82a9ad6812e93d16ebab9d624de67f846394d626af03b53beed135b6e825709357c94cdca34c8eafcf64cc8d60b3f60c31c7a2b838ad9bcf1353f9537d909d38377ce8f0be7b3a1edb1cf8ffd1a60bbbdd3411a8a76c2e3ab584588fc6e194eb468181d7a189fbc436e00c2107d613b211081edbc4fdab6ba2f4fa2a020127a710ef23296160ff04b91212f37e347c5294804b0240fe23229bae662394c4358bc7cad2a8627a5f0306253a326bec41f53f058b5e2998d73f6db9d1b3a91909eb81dec9ce1845c3fdf7ef3f6298d4626cd909b604a4169bf230ad0d73b9cc869a0ea64410fa3ff6d927447a9c293f5b1f450300b7e7b195d5882c888ab0c0f79bc2ef69976cfd5de91b4e28ce0fa36233dc72368a98a9d01bff3ba2a3aeeeaf2991a4220aa5e466f7b3437e851a86c4687fe7f5fe8a71e142cbd8241d82cb90f87018bf531ce557c9bd5bca34c055015ad22871c61caefe238f13e3d159a9328725646ba1b0e1344c5ff15ef4d93b5d60b7ba4989bf6b3338cb4b9a5e1d2f8266a784708a4236e658de4de89bf61995558011070b4fbb7c66589ae17176276616f1cc3a092683f32222aeb435406a3246eae9acb094da335143ca48d5639f932bb8ad50d8893931acb43d8454564246b8fb850dd00a2c831c45171442ce523978d3027bd97f6e389342d84d99b26e8c1b5df6a43d9224cf178e5ff64586f1a543ea0c731e82b2102f07085478e9f1dea69f99ff3474a857cd4772458802066bac6dd0e6be9e55db23013bd5c011d2bd4c0fbee3a61baa1fba6bcc7b34cc80a656432f21330f4eb1d36247f0ba7c010000b9d81f057957551aadd9da6ea2f99b73a9530aae790b038eb1d5b360eef7bf1bef1d7a4e6537eebf8f92686f5a936f999c0677541a81e284cb005b6623a3482c565eabfcedf8b7687c4b3cbff9673655d98053d54adf254023d79e86b202311c765043a66f73b8d2c41304bb78a6d28659edc149ec1d2c898bdafdf636431f5bb9bd03ddc407f38a656ff537f676d0779cfd6bf65da2a71feee0a87a029e89330a35684f31c3989ae487834ceb56359c96e2874af262fd400974e66f5d8a7e1b9070a9e0d892ee5ced2e5783aff961fe0a4810d962d8a6e8e5ab029d8fd935798b823fdfdccb8c0076991abd27ba351693fe7706ef19c456f9d05fcaf48251886bd43463431d605b9a1168dd01d8ce7e28e1e42ab452e02c200f990199cdaee7ea68d295c436e654fafa7cfda30f140aa6f79b1c9f9685c34ee4508192e18d3736f62d5685a08df9225281a6193df7359be58179dc879b49002dd58c860508c7d321eebc0c1131050d7a4ff6f992ad0c79136001ef32bcbe181a798a4e868c315c6bf06011cf446333201edbae06f66acd07309976948daaadec6ce4338568c79a108121c8a24dffdba7b3bd38b9947688db08f0b6776f6c35eaa313b827214c71351ad989748bbb955882e6c45e51bc893ed39359b930c0e34b111fb3e89668002a2613b3683252d6b0d404a30533e39354cf8e114d566fef270cb0b6c911e50a4d6d4f3ee8206bf4c732c438d233bd2802a7cf097db7316317e8e78eaabf93c8c421cf7fa93bac15c51f919a330519da07ce1c7976c328c3a6c6dd2a19b9cc1ac6e72043d096d53ad0c090748208e524f26b3380e402d9355127124bbab8efb34c81b2855646e013b2e6a7c9064132789fa13b97ec1eab47fe491f659d92b5f379a56f5bebe906959f48fdc9b0b8f7f56e6a17637413cce979a1b51a5befefd021015a964e327adae136d543124d711428409fcce1591e785500d1913447963dfa4135173b6214d3de1c26cc0ae9d002e1ca885a03f42f371aa0d464b8e3e8fcbe0507e267a73a405137d7ed4ceee53f60adf030bbe03e7907ccdfee0b11bb425c21576c6063529fb6717ddf21b419fe4faa6c3927e12afeca45314ffd5d061a10b1352603102ca3be5d686619c4671316398d08f5ab6c694797ac4620a11cf1099dc07aba01ed64000f4796af98fc066be5c4165df8d3fe0464e0b7f5178e7fd44c781e42d426f7d2afb0ba151d7b0c2f96829e1a70e6a0beffb29d314b42a47d16891bb7317816c6829e8f5131c508e3f2fa662611f58c6a60d6ed5c80b5be22d78dc828b85825bdd8f9800f539af6a0f32ab41ac53c5b5b1803e5dbf1a61b06312bc911438068213023e9c3768de36e6d3b442885262e55955ecb5c4b2025f55f0854e3583e01cbeab3d668bf83707f954cac75dae5b80063d330a384b4d64bdfe582f759b63655ebeb8a3f618d13b00b0c7a3216ad74af1a0b0c477c847eaecc459d26b9e19310d328e804ac14de8959c59f060c44043d1ff7a946e1ab1810bb3e8f390a8217ce5b537b98f3b71de5255a5306ffd246bb83727b2218941f623399cc65f42fab4f14d34477708b541f80264e87e7472a160971d6147b421f80496bfef79b5d57b69252631ab1ddbe4dcbab7f9c3ac51b471107eb69b10687b70ea3daab9e3aa748bdd970270abd29215f3d36acf6ae169e11a09caa8e2097fecd33297c463da5b5d3072da8f581261d9532acedd3e35ce9cc356feb5f83791f6f71dd0dbed768088f3736486250d14065a012a1254690ad99aaf14707997996cedd5364029035b42dc108f97797a5a56fa0f1959195d3248f4150a67ced492d7e353235358bd0bbd95657145d30f9b4c6832095222a31f407e0c2c0a5f9e1f8dc066222bd5819641d7671a8e4fd02d368a60b100eff8259466fdd4f9842e4a4d7f5258bd64eb716d67c3a29932014255a4f521b9ec50352c7080e336822980628385bbcbf9ee056b1444566737887bf7fb6bb053b7a72f10d7ccb7e32babcef7f435e4eaf1b814bcb75fa5b1fe85b600801de5d3eebb0fa2e3e36cf423511a5ce88fa6ce659207b522047dbc2f50f1ff1d172319d548ec40f9ce43c529a7b9132193c9ba9bcdf68f9c2b74b0930902af8df58aa31ed4c257c235fedd25eb15a5771afa16b9fa00b082c5b23b5e5865fe8aba0311257993dd30c1159bfb472b2b49255de0e25305b1ffdae19f4a6e48d5c4508a60fb189252d1e74bef91fb4f0d7fedbc5d0fe4d042ac062613b03da79eb1420a894f6895318ead0a7614c1456c7a5dbd30530cfd983780bfdcee735d1e1a673a23fc8fd28ff2e6dc8125c4b2a217cfceeb166ee56cd1d96e9c1c358155ac6774bce43dc3b3b7d34dcd9fc707423541f87e84350501f22b3fdb82344b76f2c944784b131e9b077fe1a651b76fa2fd793e75df9475cb2624bc482cbff995301582abc01384d2a8c36e0adb1268eecfb3d9ec4c1d5292f194c1513ec3ef376b3a96f6e8f1a639fa7d99b6b510e36b8d82a378fef488ad287ceb8dfe5c7a100c076b2031cff0371b5f17fe7d2d02151dbceb04e428f876234235f92f771a9555117dc7b1e28750877c864efc3560a54bb7aae13390a0ba6c96d13be0ec6bc474a5a696ae34e72d724a0e5d9124d36e372b8ac544961bc946f34b7dc81a4960e38ba0dd84b2bc0549d9022409c32e2d60fddec65793e21f2ec71ce63d949271371b1bac8f9859fb87113527a14357acf4c3e41c77a9680acd2bfd6cf5a8a70bb9ea5241ff70ea07446796b22d3d0d5f5587b1d90490047b63c551e22793c2d9d96a829dc91e5a461f830766535aa8a0ff48b933ccff8f922a65a2a95b2197b3faf829942c837e9df19fc74b45c4e26145befd8889c3fe390bd5395446fbcb1ac21a79a82e413f7e1576119637d55441dfa7e625bb56e3a3b449b884c80b0f764e7c3ae581f938a6504c01ca0bcde29c3216bb981aa2797d3bcd0b71d4d5e82a80cc9e9b8a18965687ec36d626b9f6ab6651a57e22651f98d39ececa712b7790e77c399ef423916c8206c81a57020d9ba0e423b0867af367692aea2089583072b80d647e29c7b9759c55c11ddc64d6e4df8859ccafc41cca6dbc76fada09a3288c3012f5ff7cdd27fe58b43970f48e9f42e278a8ed04048b1848717fd4bd6939dce1396801f5aaed7127575574c449bb7cf3db8e3fb0ca77b879ffdad3829315b8808e102a8c7bb1906b531878c456734ceb27bd7da3d9c52ecc7fe3f4d0d03db305a861f0002720f9f1322846327922b66effae5112a9ee8e2bdd9664f97c0cdcbb777e980a6a97f80ea14efe95d6ac6a0102b46e783c4d8758a97a13d995a2d9772e0285c2c76eba61936293b29ca915aac2ef66ffc3fc7cd03a5e1771edf9bb79791332cbcb1f536bfee773ce0e3e033a922f64a5d1c9ef6a0e582595e9cac5f4a0e3ef50708e34584117c5050804f65e1f170056b14f383e581b352c04d0d43eb77a6b749c6bfdc30f17bc2ab8dda604a12060f4a6cade1b31dfdcaa3c79bdd394d2b46ec08618141a4b592a6b5004daf4aa6ad3cc600c76c6bdf8eb07b2c998a990d3cbf3508e2f745d279dc2b61f4b79b143d914146ce7b3435bed98816586a03f05f5a2bcd15aedba03e20813c761534a1989630976c8f4adf0e2040ac211d96f76f8169035004c31dad083f6baa68500dd02dc27ac727919ebf492419c669fedd58af26aee90ff6aa714e57bff46854102a9e386c633fca8eaa3fe4a2f353edf422f2e4fad9c966b029f273163f438a450d5ee785dfd0893f1e16e5baea2bf5dd6669886cf219f87e4c5cd9b777818e4f2800de26886c91f7d43183da120b85f65b41e32999c22a7f0f990b0a699ede1404b2fb8568f19fe02833c5350e92cc343e81e82c611dd8deec5706b94d23ab0a7fdda3201123d25348fe47ecc8fad82e00a740aeb8d22cba8b6795ba539f92ea3e01f025f8085a892eb64d0fe61bf89e471d848d9c375dd2dea6ce7ea82a0cb3d98e1c7e814427ff4a2bf3c32c13c7c9d25259b2b2c3f54e575f485fa649f297d257127112442101c11e52717671b31475897ae55f6b8412bafdec2a2b2657050c16ee74a3361c4896429b659922fc596dc76581a30ef82a78fb993e64b8837cb235d839b29520c90705dfae50fa02b7648714b0e8420f2eab9c0a10f7ae7c98d59b81971df2d94f88f79e5d6a276404a734c2bfcd69c564a972a4fdcda8d4be4ba8334bac4da74a2dd4b3cd5b26e4680bd3c6bd2c8af17f7793cc4727911810aed950fe90fa03a3036f2127af3fb05afa2e001e300e2e835e5ef7a2cdc03c7de10655b1455538b111b4442199d17a1ca5be6a41b92d2648a4462ab0a1449e76b3d96a8a68d134b174dcc0295936320225f9b984ccc8698205a9967d9b9fd85be7a9bc4003e42201f8b220939169ebe8cd4c9b03a3f82c3cbd7425f3fa0e14356b8ef3c599f8b261f8a20e36465f5bf8541229042256162b53b561f11813a6978f04396a7dd90803ab280e36d3c74d692acf4c2fb21472ae59e0fe15fe9fd98bcfffd18d6b0539499989d9211910bfa80e968eac346c4a41db65eebe8d1de53647b5c6ac6eb21c697a19ff28dc12a3cc061c978425c118b0c7b6c6f0eb9f3ea93c54f95f0317eb2c5cfaf3b3ad2f96399258dde3750edbba6114d0274dc80eae2bc53695d27aa8a5a6bcd198d5599f440dc3923994cd879ad6ee8424ab42f16884b8c630f45af553b2b4a5aaa2084bba2fe0f9d803390ad596ba37ea6cd07230dd39c3b51467d8648571cae9cfc7e0e660cb4dac42d73a79f474174860da812b1edc19e4989a44616d7e81c6bd30a454209746365e87d29dbf716329b86f5495090304b4b9384ea1fa8efbfc973337fa5373bacbd542c37014ec1feb737fffbb3eaff0c5dcbd620051324c6a28419f0e9c99097d3a658e9db1bb028c61f7b98f00ac3e47b8cee1a3ccc54a4dfcea011e251bbbe2a0565111416e396085cf714c85637d34333494d465345a8bcfd2e622b59128375921931f709ae2384bf08ee03fec633192a479be23a7361755d2b8f3905b19c5b81caf200e85a319007f1d26c7dcba866f73c3c97ae95afbe28c6780cd8eaabb2c669ed67bcc13b618bdf92b7a9dedf06831425b9a07cea5feea7e6752562c077327f9532a74361df5520c5525d57b790654bd3ac5a78cbbb6d89c6391cded44e1fe25a01b98d6dac4b052be93dd4250fe92b83db852a2c663bf693bce28b56877dcee0bd4cf24f3689fbb6595ec21c2fcc7417c4b896e7abb2cc8a6634d428cf15fd5b35b29ae7b28845070ff0a7e371b7543d3f65e44ad5ffeb4236bb187eae6889eabcdc3c98d3f9f9455d3891373535f3f20c0669e76f0c3c975a62d909fc6b82ba23bab8480156dfe5a1befefc132781e6da1673fc6af40a80c7cf4e32f64c443dcdf389e4fde34df60bb69ca414a8663a949c89d92adf5125128526d94621d499561b5b42d86864f28440cceeeb58924fb0db7a7ed785edd29685cef314ac70e31850f1c34f393dfca0bcbe68e054faa22a77ae6222a36e6aed2337c4035dfb0b737d1a56578cebb469d2bb9273de551df4baf7ded714e6ffd5bf9567030e24978d53e365134b1e1d6c7707204fd097600e5d26eb922e672e34f052fd6aadc1c2d10049201142f8a6b363b769744318c232cf70b36f6162b30b9c5265bc212545896bfd4b2c6ecf4e1570b5ca985d8791f0a576abe89bb753bc09edbb10c778f1ae01b1ff51af055b6f50cf8478f5a91f3938672f987465deb878c362bc1ded11a9c9c8cfc2b224d5df3ee007e4a0586a07fdf4109f57893f054ae8494022d26ba710386d012a40b30d3068005492bac37249a04d918ffb53cb601dd14e9741866c489d2d0501b7df514211a4c5e4d19b12d7785b404a4cdc6bfc25be352f22909cb32c04bbd4f12d8c63600ac587f362634a54965fccd9496dc3f56424ee09a01d45e6e0e02fd9ca46ab9820e575c68b7bb450130972fbcd630f3143a9d6388b9d452d318af0c1b55950233448e681494b7ad19e37d9e9043f2dde7d47ed114a67b1f214a8640753fd0cb61702039baeede00490c335c076c2dbcfb174f8dd58145e8597981033abc00310780623f4c54041fe3c5024302e06e268b17046d677f9f2045ef77913ce2459761eb7ec6b9bf251d3f0760fa6a68ac1b4e7821cf9135ff5cede7478b40d9fb83d185e0662347c23417de10cf1dadb51ba5b5613787c7ccc842169ea3cfde90dd9755e17e2e6ed339aa33a76e1ad01f5c2c719a79460742c5e3c48310d819e68df8718c2aa1deda75879be24e368820a01a9804b735e663f3e3cb16baef9423bf64d7e307032be31e07cf3f173dffdf701bab7de26f70dbc56e7ca8452e1663260108f5c0737a97cbf5a6cf2f37c5c8a9884495e005242eff92bc72e5bdb69250027a9359ba51a3516f8d62b3db0e09f5a1251a670f2cdb607152be8c0429e96270f082483b3d0bed017d52362b722bfd74aa4bbe3bba222d0cb8cec242423be3431cf96e2339e2fa91ebfdf52a5c8ceb4f7cc14735a32129b1bcfe0383a67d5bda49e11c28b8aa8627d18dfb0a56811f2f1665bb6b975c95f6f1eaffb884140850c1fc71f28a2083745fc33f7c5f80034432e2666fb0ea7417e6a9fabb0762b40d1a6b7cf977d3f0268e099cdbf0ee4d6e70a3994b94e88385d62258229c55c9ef364aecf95c4706dc1952d70b41ac232ddccc8c6348e6b15b3de89f5ce0716baa1da5114419f3568c5dc8e7082a50e8782e1dc51247df75ed7540f66c8744c490945f78fca26433c8674ad7afa42f7d7d701be38a2d84cb13d7bffa1232819487a398f2d8dc98e1ac6bbf36c4b6420f44301943907b4db50ff4adfe9250a1c3bd7fea31711eed6efac6f648f67970eabb087db9e432acbd87f434c6f50227e5efb173eb2f44bf1fbc33b05ceb2ca65d174c3e2761d83d39e603685d25aa16d0171254de13b18d8fe27e4c007404f69059f43f7ba27caeada4dbb615eb73166c594fc6bece916c5984e389fbc4932beb1cf60d36579f904afa26907db0adf3c0105bd3617fd58232390cdea70698bede827d50268bf95193d5cb0909f69ed9a27b52d59009fb144a3ee684670ae5d922df8665bb013e023f35ec59a33ab3305801aa0b721094ac096c720b9b22451890eccf956af5e3c04c556a5ee10481e413ad3cbe46f879e556afeda426d6b8f81b786e7b55730ed5d5886753b3fcdca503519e8cfc79bd002c3e7c2ecb7d2c0f3fcdf86dc83bb047fff5e8f81f025f3cb4b0d96f5202df10251dc4d25292a2aa9048e2a6ce2dfb42d3a7d394cab126cbdcb8e59ece37c2bca7d0de9d57b309e6a52f7f4bdbdc5d407512f52104245bed84b389cffae6ac2d156af2a9bfe4219c75d54cafef7703e920aa06ed3e20ae1c6f83ebdb60791ccc5a88a7d8fcc5d2420c8111cf19bf5e73eb3924130917c99940d119e4b537b401d3113df61a2fc177fd40656c615a52b591cba181de63d4b4707703c243dc47efb753e8f6ba0249e544a11f9f9ae860a50e3d98f6925dbf39fd17e921c8aa604d4648ac9cc7507ea3ac7650863ede4b70d04f2ff84da170dd5bab92458d7f177b7e68aa20b0fa5e25db11ca3c6b1496b73b4cad753a83b53806ee2787934c50f3fa5a6c0df1fd231eb5bf5d5169f0a4cebc8461ecbe638a2b73c03ab7a911f8d366ca8f4601dde1237d351921dda768510776003e80f373d2a661ad4b3b73fdb2452074af7c3ae5f429da1192b3dc65eaede119bec3548ad6b17b5796b6b668d0d18a6eefba55551e4796c92c4ca6836cfb02804739336009b02a2f81cf1fd610106d5126edcf270f481c02e890ce6e0582615bf4da1497d639c4db591ba942bae63b2243445dcfa55c1054997cea247e32f93492bb8633b149bfae02462fced793fe15977a168fcd4014c433eeaa118e2af120fa9a08ff396886da0024ec7e4573b39eecbdd174767239dbe72806926e35b35777d02f2d2826cdc1255342a3f108729d47f36e5217915601298949920814f5f05dae52ad1c117f949c1bd68dea7ab68152b434b1c85c97ab64701352ab60e022fe5aaf6b93b2778c614e15179ec18e0c56511b354c9740fdd92cb7ad866f4c0492554836d6a5efdd7aeadaa747e49cea0304a913b8dccc74debb62df229affe4cca5ee79127480abe8f5584507f6787c49575e88789c90f684833d402e0a28ca122a4ebaa8516c1e331480fe1513c46d07df62d2d8cd4356bb717d4681253ac31f883dc95b90b2a0cd6909345201c187f3acbf8d45a7ee55bc307b83b34813483487ff9bb29a1989ecae99ddd13c1f0c08c828887bb4fdf7bafe27ee1bf7416c6ac16223e08b1806203df66eb2b87a32300a279068a315823c47c3de7adf8311acf44dae6a6babcd0db923b501db6a1665e10626a5cca4aa01c865320fe1210054c5a7e0ac4887fae4bfe41513cc3bb500fda85254aaa70e1003bc69a4be3a522c0bfd21e9c695799b7c6453c89cb382a5bb083d432568f852455cfabbb0bc0aab45213978bebae27896c1982866241b7e0be0a6574111bb03b103c79135df1c6726e596d55187ead06c55354c8ec4c3c9676f441c6d281506aa47d6a279af55968f0c35dd7cf6ca55149b03fbfc80054dfe3434393d302586d79dc892e1ab8dc93bc2a0b3a1c8240db8cd728200895549e8e1eda259080f714402f5a8984de9ab4e57d2361702b7f1e0e36d8de19356c59c931db5b8e3d345bbc29f42e856ea4deb60aa11561d84e7377d4bacb4b1d5309ed153be9660d47ca73c98c1277f116312989ef7e778a5a023d71c602544b71fbcc451ab2e5d919e967bc06231fb434c0e2838913f607f4229366a6774583afe4cf3ed7f870ce9270217076c867574bbbdb7c9d909eacd9c869c1b174cc1986189417fe557c1a54f960e8c4584bd2c4920d086e37865c344e744ef146029a2139ce301ef51c5276d12a9d7d749c4b0e36209885c8f404866f13729858ba03b2b75e29c85033cf4fcf976804d62ee6e64efd0a0db439d84750b66afe7eb221519a2a9a81e9708b2c47f428f414558d19ad4dcaddd0000045584946ba00000045786966000049492a000800000006001201030001000000010000001a01050001000000560000001b010500010000005e0000002801030001000000020000001302030001000000010000006987040001000000660000000000000080a90300e803000080a90300e8030000060000900700040000003032313001910700040000000102030000a00700040000003031303001a0030001000000ffff000002a0040001000000ab02000003a00400010000000004000000000000, 'this is a test review');
INSERT INTO `reviews` (`id`, `name`, `rating`, `image`, `text`) VALUES
(2, 'Arnold Schwarzenegger', 4, 0x68747470733a2f2f7669612e706c616365686f6c6465722e636f6d2f313030783130302e706e673f746578743d41726e6f6c64, 'I love this product! It gives me the energy to pump iron all day long.'),
(3, 'Emma Watson', 5, 0x68747470733a2f2f7669612e706c616365686f6c6465722e636f6d2f313030783130302e706e673f746578743d456d6d61, 'This product is amazing! It makes me feel confident and beautiful every day.'),
(4, 'Keanu Reeves', 3, 0x68747470733a2f2f7669612e706c616365686f6c6465722e636f6d2f313030783130302e706e673f746578743d4b65616e75, 'It\'s a decent product, I guess. Not really my thing, but it gets the job done.'),
(5, 'Dwayne Johnson', 5, 0x68747470733a2f2f7669612e706c616365686f6c6465722e636f6d2f313030783130302e706e673f746578743d546865526f636b, 'This product is the real deal! It helps me stay fit and healthy so I can keep being the Rock.'),
(6, 'Ellen DeGeneres', 2, 0x68747470733a2f2f7669612e706c616365686f6c6465722e636f6d2f313030783130302e706e673f746578743d456c6c656e, 'I don\'t know what all the fuss is about. This product didn\'t work for me at all.'),
(7, 'Will Smith', 4, 0x68747470733a2f2f7669612e706c616365686f6c6465722e636f6d2f313030783130302e706e673f746578743d57696c6c, 'I gotta say, this product surprised me. It really works and I feel great.'),
(8, 'Ryan Reynolds', 5, 0x68747470733a2f2f7669612e706c616365686f6c6465722e636f6d2f313030783130302e706e673f746578743d5279616e, 'This product is hilarious! I can\'t stop laughing every time I use it. Highly recommended!'),
(9, 'Tom Hanks', 5, NULL, 'I had an amazing experience with TakeFlight. Booking was a breeze, and the flight itself was smooth and comfortable.'),
(10, 'Snoop Dogg', 4, NULL, 'Yo, TakeFlight hooked me up with a phat seat on my last flight. It was so chill.'),
(11, 'Beyonce Knowles', 5, NULL, 'TakeFlight made my travels stress-free and easy. The staff was super friendly and helpful.'),
(12, 'Jimmy Fallon', 4, NULL, 'TakeFlight is the only airline I use for my business trips. They always have my back.'),
(13, 'Gordon Ramsay', 2, NULL, 'The food on TakeFlight was dreadful. I wouldn\'t recommend it.'),
(14, 'Ellen DeGeneres', 5, NULL, 'I had a blast on my TakeFlight trip. The entertainment was top-notch.'),
(15, 'Will Smith', 4, NULL, 'TakeFlight was my ticket to paradise. The views from my window seat were stunning.');
INSERT INTO `reviews` (`id`, `name`, `rating`, `image`, `text`) VALUES
(16, 'Mohammed sahby', 4, 0x52494646d68c000057454250565038580a00000028000000aa0200ff030049434350a8010000000001a86c636d73021000006d6e74725247422058595a2007dc00010019000300290039616373704150504c0000000000000000000000000000000000000000000000000000f6d6000100000000d32d6c636d7300000000000000000000000000000000000000000000000000000000000000000000000000000000000000000000000964657363000000f00000005f637072740000014c0000000c7774707400000158000000147258595a0000016c000000146758595a00000180000000146258595a0000019400000014725452430000010c00000040675452430000010c00000040625452430000010c000000406465736300000000000000056332636900000000000000000000000063757276000000000000001a000000cb01c903630592086b0bf6103f15511b3421f1299032183b92460551775ded6b707a0589b19a7cac69bf7dd3c3e930ffff74657874000000004343300058595a20000000000000f6d6000100000000d32d58595a200000000000006fa2000038f50000039058595a2000000000000062990000b785000018da58595a2000000000000024a000000f840000b6cf56503820468a000090b1039d012aab0200043e45208e45a2a226aa22530941400889656e659bc45b871cd7f6b515e359593b17f66f2ebe77fe2bc41ff23c39bd5bfd4fa9c7f68f48bc8bfe2bfe8fb04796fe6c5480ffb5e9cdfafffc8e8a5c732eae035a897b97d2c71cfa4ff4bf20fc7be731da7fe4f420ea5ffa3fe0ff29be567fe9fdaef823fae3ff2fb857ea3ffc4ff05f94bf43ffeafedf7c3afee5ff4bd487f4fff15ff33fcb7efbfcdbffccfdb7f769fe4ffdcfecffc017f4cff3fff8fd78fd923fcc7fdef604fda7ffe1ed1fff6ff707e18bfb37fb8ffddfed3f7ffe877f65ffed7e7ffc807ff9f6ccfe01ffbfaa7fbe9e88fe55fed76b7fd0f96865efe43ff5f37bf23656f784e547d07e800beccd5eed66808effe1e751911a8965e0424df7ee489a691c28330a0eaf1c1a0f4bc91aedc8429ea2553043ee2e1859a4031116fef30e3798054cf4fca07c8b5001a560a7ccffbdb5e66e0ccd564b119dd48c1551fa6a53a68f78ff76401be4a77f1df6e8fe276902dd7fd501c82b0ff128f00662006609343eb6356c2ecf5c494e03efd705b89a6526734f6144a5edb5a6e98410ebda3081bff2551b1e752532a4e0a9a370e5f418371bd870ba5f4c2126d30d0da9a75f48051ff3fe536d702c8ee8e63fcfbfedf239bd66695a731c301c26d6ec8c48950d1b50a0431a1711f79ceef7b2cff1da718ec4eb3632dad6441e93487b8adb61c9e732425a69f3770ee6255f80681d841595bb177e72193119a32846e51aed24fd706bebb7a3694aa26bf571f16dc09a419b5a40978f495b4e31c46d1d77ca63d2cebe08820a8994a173e582e31087e178368bdf8babf63c9769ba6dbdba1dcfa790462cb4e108acafc93ec5ff71409004f0ea2c5b27d9cc3c95b5d400eaa584312ff49ffafa6dff19adfd21e66b29cddcb9fef0e1ac1191c5f87ba076a790d6955670b6c7db8013afdc37c3f34a652fa469278569f361ad64f82e23a6fe4fa66abc834b2fe880e677be404154a7d6a045cc6cdbd6cad9827d3ae67013307e92234fe276429f6723f619e0af44d7bc1bd9e97cc91d0357ee4f97132daac8f0ff2da7e1e548a7f7b04302b17b722089ee137656c527fc066cee6efbb64497c93497e1b49c6007e359853cfdfc67b9f216671f0db34d43f3a8a3342ad90358732abfff8a48530680b250e6497cc91d0357ee555700464f2f4012464ec901c9eeb92d2b38e120ec46a29f2ebe5d68eb632cb3fc41d676e02a96162cbaaf45fc664f1a01dbc0fcf66ac10910e72ab0be35c7eda1964a74e30746fb04503a39557fb3deea9b7661428db5a746119cd4dbb8d15a5a33729eeb12d84754f89add42b03806c5dd7666525797ade9641bc7ba4c26e4260b09e3bceea4e11e64d2f13d916e7525c460e1d0ab6e3c5db37b78c11e0c8e80b6d0e7975f215fe9b8cf835981b2a108a7cb0a21bbc5529f14b30fdafc9982ecfba6037c71a10c3f1a53c391423788fa495348f5a4e4da46913cd23d4051ff3fd1b7d29e724dd525e28ef14b8340d01703908f343c20c69123308b1c8916525fd7454095097e8a8afd6c2eb845f93a6ca1c242c941d05485a65d6b4993eca2d5ac8b80b0721daaf4d084dc23809decfc2f9850271845dae01ab6ceda579771c9204ebcac8c877a866b0ba99409605c8e39ac983faa25edaba7b8d425c6fd0c8b8cd73319361d5e4003a5b89650822ddaee71c8bd7f515badf95f1391080a37a5ef14d3d281b70f261b665c8ca18de65620cc669f11230723a8e19aafff32edf432277736c4f90a153241249ed4241ba1667e19b6ea90b9e3480ebb097c11d43e0df7205e26d011a2bb2669518d85b7bb0a0cf2af2c99aafcd483d8b272a761810bd8c1c25778d41ffc1ea876fc10603fb2be47ce81e0c05568ad4eb218587695fcb00c5982b5f6642722ec9c0f609805bd1e97540fb1084995baa6b1c25f5ec9794c001cb48e8dcbbc0bbec5bd207997fd5fac8e0a83f20c1fd3284f68f09d9e0b7f3569b2d11f1a651f9050f15daf36d6f4d50352c7da48ede530a36292738dac3cb62ed9cfc9d6f619da82ca5e8007c64cb00e290f729b2828731e47d66ffb45a18e0e494f3a09d97986d1243c057c8493f2917f82b8cfcddb5c092a8fa95553667d8b4a32d2bd5130c30e4eb715a33bb130ec246b7fb0203b18f53f76972c8f57f95f18b17e074afaf1e8789bcf915ddd07777cebd7ddc4046cbf08e2d060d2fd75448c02152140eae7c64e8f5b15956cda7c0850613b5b6ffb727c40a8da8f30ebf1fecb0d568045926a9b67a2356ea073e0a1afbabd2ffa9d514e73eeaae27158872212a72af0880e32c5e7bcfef94c63b3ce6a0619c89ee6faae6a1327ddb936920b52d67375ec171c70b0b9525899057d2e1339be535e1b0b0436bb51af985cabf153d8a4f92214798fcb52e32b2a24e27148deba0670381632abcaec43f5f588f35756c3a9c5b9f7d83c29d35b35085d5e4a7651bcc89f0549dd320841983fc3f0df686b969b3a1baf7aa219bcc52396c0f87d66eab7dfe62567c9b83add7efcb2b60cdd69960c43686dc9752ed105ef50bb4c631b43546ddc6564dc2e582706d2b5113c7273a03074620ebf193533e8ad9fe8c3a8927f3f4bd7dce547f7bd1b750bc7cbcf039d97440033e3763e330a8fba39287913df77f46a1044437d540b17782200e09aba6973e307aae5bc507670510081d12959a428e7d761585010f5556c89b91b2ef019219ce78c91b88a0a6414c2f267150120883e276025d8d5ceb6c262a061289d9f37e209652f9d76bb47e9f09c01eeea6a61c250e3f25135159ed3b442f1f0412262f0f286ef1992ee6b46da40beab0bb702fd2b0d81269abfdd1bd3c3b328f8d5dfebdb08205a407d3ccc98d4568cedce0fb6983e9b9d7e2b898e505e9b3697a13b2421c2d99a968304e8a2f4ee6e50df827be797ae41329698263033b76b7959bd00ec53b99305370c2718c4587d5bfdba5f4c134435f1c834a97018a03bf71b205f71b6664008e0aa610b088305a7474bc359db5b42b49e53e52b70b56c2d5969246e5939d4c387144cb8796bdfdf699ca41a92c86da45a0269eec674b11a3cda8a0c38a74638cd8c86941f32b293705480a3462b6f5fcfd03b0b0e6794010c3e552fd5558830f926939b9ca718475ecb15e1ffd69c58d00d3e233a96dcfec4dff557bbb579c83e264c8931645cc3f5939fea5ca04ecd750dafa94fdef8aa6aec663d5fa28bd062ab94cd371206086de6fd7b357ac8cc0add131b71431a1e736c76cc9e32bb9dab32199e40a39b52d45c3f0057ff75cd111e581ecd8e2c4ae3086d71ca5a6d28d2f6c61684708d07195df7e60c6d72f8813af5c5ef6e10b6fec97454bcdbaf39a9ae79acb70e3713331348628f034fbf889f78713edd739c2193a049d660fd6eb74be25609d03903cc35e99f30e260dda40fe3a0b637f738c5c4a62fb06bcaadf6ec2b24b758bb2dd35d7e6b23792ed05dcda6a1fbff71e3eb24547a4db47e02381b613889023f77087230ba47c137029b1f7650f2bce2957ce4685ece13ffa9102f0ba47b35dc1a199946300d187af9d84f5e940c96657c81afdb256b86126e5e58ee5a34507558cea5a6836a4f220d0e66f12b3ed3c4cfb5e9e21a01ce0ad8f64ad0723196cdd47036e0dafbd68e5d24abbbe98d262922ff8efd354cafb9f8ff85d7d55732a0d73e8c4924feaf6758557153695edcdbbb3fedf62645633652b418d9f7cbd8f4edf6a86281debe4c49e04185299eff1b473f5382809b2267e2b581803134f1f9fdf11053338f6d3b37857d68e7406cb605880e02699296b5132f3793d7fb2026cc19b51a845bfa4033fc0d937e5524774dec0600933b3866ea0c9612e4677751bed104b18c2363a8b2946ec2c0512dda9c105cd4918dd36a5e538073d389938abed58338e7788f7375c369018e33b4ad2df5b6d7cade2b4bf2626ff908c6e737c152855890079b22856805808c87bd25fc4ef6d0b31da95a549fbc2075a7de9b4f07872f90306dbb73498c52863a7d08a52373582306c2674913ce5a4ded29406ca1a068cead24decd7ad1a83b0a1d81091e5c1ebbbca7a1fcd74a5576e3314dfa898e13e07292eb0dce7ab774417c1dd5cf225df3be2e83b4f9fb936428c2cde11c7a9f2e33712cfd699eddbf268937cf4f67dc50a905d5d972021471d7cfc08b1f301786d074ad4c8745636191d687aee47a43169bcfd9245d7a0303c8d6725d85bb0813531855166d32d7605f15e693599fdb69c64f52c5d7e2ef4eac32ed44c9923aeb72c6432e354218570149f02ab89683ac1956cd8992220f42540e5f3863e67aed7ff810ffdce4d1410f02968808600b5e12e258479780c883975b1c0a05180942fcbf415038fff410faa1f64c60232f9e4d14eab4252ce20a39f4698a24b06f0d07262ddecf59875c934b02db61ae120ff97727543670065182500084acc3c84f8dd84b9fd1f6b3a96d96f9b75f89068407080cb5c3b9e9554cc870b0a15a48badb5f05439f8ac22db1c55a458f520e9c1d9757b11291c00a8c855bd9807725023c86733761863f98f2ff3ccae999ae53f2c5c7f0f2ee5eeb5a8541e4b5a5351707cd25ffa3ce8d703d03b90fe094f6d141009e31bd6383d52c9f241abd966b9b85043b614c80cd569bc36a64299636760f30c21b637950cfa01b7e17341116f9ebf7ce6d97c6401c1696fdce28e02d4f1ea46347c1493cbc72e0c4132034035f6aa07b83664d58f6c2d24d6ee9fb1c1c9e1f935fc68d8bf75ce62c8923edd170ccaa8358e3d32472dfbc868ede010ca33553b863f176747bdbf248d7b95a8c8674069d0557603d5f9d523f4f1920aab1eafb76b53767453642ccfb3afc62754d07cabb68e3026c3bff177518cf32df9c4105295784849a18ad5e4e1d4fceb3371831dd25cae03423a6cf7aa25990edc0165c85f51b31fbe99e9fcd395b486aede8ce2475b20380ff970f4dc6a4069b88a8ba4da92cb2868f98be03ed5d17c49a2c1ac03763776c02990327694a39facc7ae4ba318d920fb9fa30479c1f5307c9de3b7217445d5a351c62090d794249ce030fa65bc39267e74b285701a02a75a9b2a7a4a7490d13473ac424437429dfb9e3f331112df3b8b3238e5368216f5da9eefb3e3d7e0f67dc79279160d24d89377a44a1693a20382eb29af67f97ac14439f76b868f6c908cf770d7a2610a4006349490d7cc4931a04a6cd42e35fcc01fd99f49f69042c374d63d455ee765dd641e101f46561b45a1cabed01c78571f42545b95f4d6160afbf566288ebdbd89e4da8b17e561d4035e404a8503ed02b54205bec709f5379e9f42970e5bd2f301e6327fa5d5b123937bf140cf780f0e256d61a7e5003583dd6bc04578e603396979d7de5e5021900adcb246c7bd9d782e473f7fe4c5066807832683dec4d471450fee9f78a20da9841973c17b983232c011bce22c2cbcb2f39ea272c8fa27be0648e516ba53b2a49d2c342b56168c1730de5792208c643b0f21af535b289da57884fea0a4055edf8e64a9ce141be5794ffb16a47260165e91c4164228fbaf8157a8b569ca8b33ab64f964b90bda1b2d5c86fa3180ff722661a53a49a0fc79add8597b767dd63aa2f681899624817dde6767733553e3cbce46860d2c24993a757106388a6b4c89438c3ef05536ff0007323fca2b633fcddecd1b64e067b9696df489d8a564c63752ec8657cbdc72747c277fa43c860eb1bb0c382c84ee4128ae47a6026942502343de46c49622216a2e3a845857f747fb93274f28fcf30d1dcb6c2ae590fda6b38e8c74656d10a47353af32def920a03a214b8436aebf1fc035f0a4ab4c91821b1aad1aa010271327ebdc5ab8007dcc910c2668a557b67e48af7d77dc45bf7bb5e42bd379a69d56af2fc74593b594425e8f69315ddc5817382e079726b1e542b66fedba9b8ae306a61b5268fcba3946c185bdaa7b759784ca4bd37d56024b8cc6d5f1fa159c23b7de1cef3fea253d514e77a9aed63eb54932058dd3cf7d2f5b4ea4a18bc1094457506eb1c5dc73070663929bdd9d1fc3439d160aff6fe35160e1c159bd70fa880bbab322d62e7c17eb5078b22bdb133846fb4238483a91173953b6dadcc9f6e6044cbb68bcc1ad7dfcde626a727df1d1562ad0b4b6a1c290de7bb81286268ef66bec5571c81a787d7331c33416ec0a4f24c30feb6d763c6af6783ba69c9aa9dbca6dd22d0fc11122a1b6c03d812bd05917f95f733077f18b359812eb12b47313b16b9bb30be2ee090d68c0ca12d9d61cf56040e98128a2f8af700f08fa89e87d6ad90e60c272ace6db519680fa82793f51ce112fb42c4c7f64059caf4b54e0b6ca753a48dff055c3a3113d604f605442bb38050a80dbc689299dbdded037f0ab728159a90f9604351a9af03c98661b3a5540269564389deba3316b3c0a2bb796854171e1bb3aa4dd3cdf6ad482bc174c4a6b6e9e092ec58d1a0acf6236cfdfc7bf7ce7a891b630054eb62b22d18108a3fe348b6e070fad5821dfd01f5af84b37a0d3dee19b537fd08fc4e8ca0bf53d16ebdfb8837f6759e05d83edd39733171641ab1a4e796e825d3acd5d85c5a8c647f51df8744ad462a0aed794784fed390b50808097929400ded30ae0b46c3d9491a22f6f460dfd52b1300975e70278510ec443e9291336e8e3f8df46fb17769fb795f96fca4769fadc3ca7e4d8e383bc903ba49dfaf59e63acaa27a5592d8b6a369df44d9a4ab3f5fbc7f2a48ebe8e53ee76479c1135c7b7b3094f7a2ecb38f130c0c1b6f5e28f4cb225d2ecdb29b93361cb9d8376bd63429be83088fc8c408af37a248e47390f6f59fdcb278165d3a0a9e9b1ef033154e2ff3fd904db2b7ed4e324cb7cfde793052a54ef2cf70aff72e1932f87830129dd205344212ecdb365b0fe3cddd1b9f1eafdb60d7eca13a33568ef706f43bc422522b7b56b86d94b1993046bd992e630f5c52ba061df24b026780e812ae684b93222d2166c590bc4831ad60945025af75cc488762c6d7f6a698d265e5162bc129a00cc0ad96f049e7bcb173832a18bcfca8be9e36882543b8b2d1ac79abcca111ca14e9006eaae39b85e37c44a55628b6d3b6f90cb728741b337269f0eb1b1c5f530c03b06a33468d14395183d14167391e5743b566dcb601f11dfb39d0a2bbff2cc7e12e42754770d40ea3d29d1f30467f7e4042a300075ab53f785aa07c6fdb676de6c8eef24eb263c8d359b449d08e34bf68f1bc1514a2228e6df3d62ceec95e0fd43b06da5595a78899a4b336eea2d389bdee8dfcc73192679f301402da5243d77a8be24536a642ee8c3ee65254fd7dc7a943bee502af7d181333be8362221d7da20509747d613c4a4c8cf7ae8113a7f73fa59ada74299f3d1697800768176cd5dbb85e617ec0cc4baf58ef6cd407c09643e3ec3f4eb4666e204ba57a2089cd32b9ccba062501ff6a6de0c3dc9fe061b8699a5c7c18ae927f4bf8d249515bbddd80f2d9dde665fefdc8d9cccf8ccab9a5689f50fa91df837cc9adfac6ed92fb8fc08981295c1e51e0df245123555b776eb2a99e2ed3248c94c375eac11fc39ff1988a57a05085bd91ea2788930e15dfe532b67ee16e6b0101928e1f87ffcbfb5b7eff2ac5556920829078fdcb927650dd7c03069acdc072edb792902484cdf0ad52c244b6cb18b33a0b26b63b36306dbe35771794a8786331ecd8bdaec722ee5615f98f7966601c2c64024aef997075d162a8ea171d5b8020852af96e72068c63008008df8a76e50f2fafaa49fd130b8753932e0bb898a12d944858da06879a7e84ebd5179525eff9af9ae5d74be131a68797e6568b53508daf47a285df96aad6ee591b2e626bcb9bf5e875e5b4dee7cd1c158aa157125eab94685c58028f89637fcd0063c5f66f3e1020c9e3d836fce734e41d2d0e5435644598cb8dde6977e89a5052b35f5edcf61b48a8cbd9be499baacff2d2b943306349e5a0230ecea22c7e7a417b6a98478a03333919a758613e079894774aff9de0a5d3f62e28af4401d281c9bf3040c83cecdafd9089ef19380ac94e5420f0ec6029aefeddcff76e9c32affd79d7e45f69980932edbd4d3021bbb1464c1bc2fd4c480bb9c5a627f2c9cef27dfbdf51bb1c0e70110ef29f74e3b494466b25a22a3ef7378ed35917ed9333efb3a2c10b857532ee3fb934a44229f327c15c5831838e744d2d619fbb88eb88f4c3b6d3bea52e7901fb7b5f0b31d72793919b9e91c49a097d0857ffda338e0600cc6ac6001b089ba2b557ae05b144908e1381fbd978cdf4352fdb1a2fbfbd4f83c1ff980245bc45103d43903bd265913860f1a7eb5cbf5e09be1d33da7bb8a3a97357e621404b9a6d8c0d5cd9d63a9e13fbc7b25a2e8df745fa5683c991cadd0b1ef8791d5ba87d03dbb1d0eb654548ca33b43a37eb70b612dbab9c0a57b25db8f5ae2f5cc113001912e555ab1afe40a85dcd77d013aa778c6eb9053a5f1083f3beed12a36dc76aab050a318cbb30c70628025340f6b84db6b20bf452b49f7ea7ff78bc1dfba14ea7d74c189c54c0f4b4542bbc6f5c7ace49dafd0a586b57b1cf8196a7b3765aae736001321bfa3fb2900a28a7f4f2d39d972f69d07dc64568a6aba385502b48d5c2c72b7c9a0313e822be2a23d8d850bf8efb48fd10474367a0c54cff9918610d01412150194445a247a9316c3dd6e51034af2de9321c5770a3ec24b81c26100dac10b90e5c923d6f2e394695788f825d08bcd85d367270b3b94b7ed70e8093084ee913a751b486e9312fe169b5a0826a5096e3a645db1ddc8758fbc2d4802753b41e35ce949ba783de761f2bfd18c019f04a3727d1e976a7d86a25aafaf4b8172e2e0b76488f5e68e57a63d7ff54fcfe382bcea2c3f6bba691fa1e4722a95318e15b045c79c2d03619da12f231cbd20c48373127d8a714d66ddbbe3a39718611e310fb4a43262a8f2ebbee2d70269061f7a93bce0998e34079eabd3871c73f49819dfe5b47dc904758b281ed04b717207f8ac57bca3526f5cbad5104624193542fc07d07aa67e6f3915d4d60c3ddc30f3c6a1ca674c46a1d4fff911ba930abec3fa0c455a75a74c82dad781bc3257e99981e22e4b2ea0279d6cb240d47fc79236b22cbed8e822780dd5304ff3ec330ddb7f343745a9621d9d5155aedbd264c5dc87ee753d0215a0127ac7f1a33baee196f72c71e6b7bfab86607e60098eca7b1749c507bc76281f121d25daa61ada68de4fc73234bfdf0cd45f4850aa5dd046bcaef5cf46f8f5ce2d70c9b598be574a95c02bc100797a88e20e153fe8edb4b2b730fe290196b1dfb998ec9d202d77a29388f7bf56edd0d3949ec68e6248f532e29442119a8d07cec8cee1d5724713e9c6d92156cb672dbf1f46eee4f6034dadf39d472e17c0458c69644cd07fe3ac6e0ea7d67b2a24c06251b4817c4142aaceb0f196ecbbf86b51f63456f1c477c536246dc856d158c9d2ea570507edb59b17b456f9461b9845ab52570d820a3aac99db718948a040b0ebf288c6c9d6012571074165bb8ac4e14e270ebae056f8b5809a36c8eb28373b2e507b474af7b0146d768fd25626427aa34b5258768f8ccb1b6ac7ff3ecae5766d1a9e535c6d2ff0bfffe4d08fc42f8f1750477cfccac343e18d1671b09f1e79bc1ffb8879902cd3b2cd6593ebfb90e80daf11a552c89cfba1edc43ae6f877e9e6342a81ce87b3f2d7f42d2a5dd58a43c40ce60f55ef204351a435e7e092b2f7da50b5b2192bd13ce0a7447c16f31aedaa17973274b69048cc564ae391862f1d346e107398cb942db4c543337c5c177178ed99059da5b4e1c56fd989940e40fd4a3d46e2f1b8f74669f2cefd1eda101a9df47b2533c391273dafc8634828672e75c5a1fb5dfa13fe421cd89925e478bb8bec6e3ff4cd77f927a575f80249246f804043d9935652a7c018833f46b0de03ae0f147fb3729e2bf45667e46c3520442aa032ffe14c880879b652f15abe0bdfa944642733b72a3cf8256fa83ef6346c5bdeb14b6f18cb736b77af7d24a82afbbc87f75a09fb514b61610bf8288ef2da99c0c953e48488fb9b7a6ba8a8dec2794ec83c2ceb5a41b4115d955e175e238d587be0c3b3e560b4e248003f7ff2d6228755869260dce1b45738f174df7ba9ac360d0b55a3fff59618c3d6112d45ee3a30b75a299712748a1f56647573a6f815982882c94f6d89f12134c299785e582cf0ac8f351f3d6ba478f7fc4c980a48a72ec6b75723dd48940a0068d3868ee63137be414d145aae57ea4894e11a249ba9617828712ec2f937499ed40e4e9bd2e60819b8c9f05a5cb01402bd7b55c0ad546aa63f4936c5527533ecd292a96103fdc5a1253c2bad5f0c428ded3abcad2722bc3c81854004e1c907e2a596f0d0838c4d7ec68b23e5f8df14940fcafa7aa9c05c7843ba346ed0eb9d2dc9b90cf9583bcfbdd025d613d1a94454b335a50ed3d0cfb300cb7ae6d3df5cd06a49edf3efd9b66dfde7fbec71c60f88a37d2b100b4a58e0a558183f77a870bd744e32f10e09ef3f1da55e88bcf25b829d4ef8eb0acd16364a464bbb77cb30257825fe88f491b57fb66b691a2c47e8c19e0fd55c7b6bcb4e26a688dd11c8124fe4f2e12de0d043254deaa9eedf182e7072b19a48719df5a00feeb5305dcffffa7e9fe13dfd9bfa5a7ffdc7cdafff885ffbd07a975b10110e3f1b42668af0e1b42f40d64524ca5e6ab685174777123fc60651cccbcad175eb015cb67d4f3fd83356f2463467118c8f76a75e8923f402c7a8013788ed3c1d0aa5f409d32cfa3cebb2223b0bfae8e0cd3b63612931d4ec71871f4ec97b07deeb57a24e854dab6ea7c04560db28db793bbd36dfc35a4f1c8aa2fbe09c9540c7be4f34cd907cf53be68db11707ae50e3159963bff30fa8f52516fad7b5274e9b906af787fdb68a7eb40676d0db28b3ccd8983f0cda3a2d10f13ef5b5d41acc45aaa986bbc32ffc33d5269ad4ec6df84a826cdbeb8eedd2362a2a5784fdb60a3e7febced47cd317da4a277e9c3494dfc32a7e26df9f0ba8831ecf9c6d405df3ca38c530a8682635410ab5c92636287fd02873e8f032cd3c1edd91a5c13cbfa2ff2c8bc55f1d27c25d0d9ed202fe594f924cbc2a2a62d6560855636923691efaa6281aaf9072a35fb0207221e91e4f8b37a8acf52f6023c21b14dcda821409c501b202c40c753ced5cfc31fc5e9feee43bde8543f303ccb28bf989324e4681fba18e6c3c5d59e4f292ebc6421348d20df0f32ddc96b215cbd18612d1d2c01ce136fd79b179036bbd1d5eaa2de4d5bdc90b142116cc46ce6a730abc732f905fc698720be1926bb125c1f157285f1e78880a429cfb62645ef520a5674a28c8a3885ae0228f72812e51f3eeaca0fed3a0b7c57321a8edcbd60c358bca9c28a545de631bebd857aac0a3158fbd2c39bc5243bbcb3a0287bd73e343bdc5ebd721c8b2b41ddf9743a7d05e5a7781265f44f9891ff8de00270a41c6e1b47ef1a3402e905601dd7d64b164c0251cace181b4cfbca0c22be9fe57f6af3c4e67704922c95613cf86d5b8ba68f0ea488ef8ea571624354f8da42d69bc20d2261d382b0a272112a91414caa0196d4841fba4b60fddac8562439b34dabe866cd0dec4a0608029a6b8efb97150512a86ab0a783a96878deeb22c725fece66c01a64be4349d2867b7f9c77bf5a6a7b68acc40500553d83cc719316c646411b6679bc1c393e9c726580de23c07ca70d676fe4d9ad33e57cfde6bef266b57d976045ea4e1d7f24711f5379c6e62068ac66488297e118b83fb5e569b73f95c89dbcaa0d1afc633487f780fe7646a85e4b38d3227f1e60afee3c9f041c8460019c3c583280172be36b7a81d8a6ac2f32f217f12096138489bef9dc44fc9dc2c64df027340040fbb158676132c5565b00d3ed58f8139bdc38cf8e4c04c6d077c1638815f256cdee03a4a461a4004c0b6de877efd92bf077de346109ee7012ba25d13f5e5ead4bdcdad08e5a533c95702245d825b08c29859ef3dcdd57c721fee415286176077582a27a99a7d9dd0c20cccc3a854b270cea13a0e91b324679154b44b0d91dd17a7a3c5c77832cf9bc4e0c757d71ce46ea75f0a641322f3a461d9b3b8316388606fd96c9f45502eeb5c1e4e5052eca795ac01865de58df087520af276e73e75c0cdfb60c6800320f8f14225183c8619f2ce0e640f96b0f1d1c10c28ec89f5f09a5ba499db10aa3cddc8c2bce908407dd99025dc1f35c6f78133628cacdfdde3abfde98aa920fad1e9d89db4b798edafa74489fcfd08c0b0f6a5885ea3812ce6ebccd452a9b56e838a3a7975a4454f02004b2af2e8f3bb159821c4652f348e69ea604b1c01563b1555a805309b2b1bee20c8287d911b29ebcf0c9e795b60a67774a45b431550e8189d05adf3f0f894a8b8788c1d0509b17b89bcb15013cb93b0c7538d3b245227ceb76d109e0c245f1fb968b1940c691c2ba5cb3c21f5d17155a513759cb8f69d05ac0f9e07de2aa62f85dd38cbc99b4281480ceace2fc39552544c6c4bef2da88e8d1b0fd49ca4d2811da8587ce96427cbe026f8d5967061084b36440e6dbd7b96ad65bf32bc5e00920d13cd2f3693d0c7fde7e6b784fc02adf9b66191193bf4e0df7e4887b89cee8a611408a2d9933111c07204df24ff82668411cc0386e9ae20240ac385af0e4fe433a7134a0a37fb5c2829a1fef611d33d961beaa4c4706244b493b5f6b454937e11e32974bfa6638c5f5696350c506e3e6970927b52c5144cd3a1748e67b075868ce908624f89f49f272f03b6d2e8255efbc7ba3fe3073cac79e0b54e3bc7133b294f2341a77e7ac39e3b2dbe143a7834c7359484cad2e6e44f013764db902d6df868fc4d0ab711ba04a0d4804258ce374d38e55194c8f40ba4f997d3979e615b90ed743650c269bf44700e7e00a6ee79b4e9ff1b39a4070a7ece98f4078b13e68a4b9b00b9e9e079c59432ac239dd3df47b1beb217d7d6863210cfaea5b74b60273b9b0332b23f5ad89bf14ca91da0956b48959caeb07aec0164ef1c970806b5aab12efea41ca942f490028ced21624011d199bda3030be612cc43a12d7a987c1b7aec4928e6ff0d852c33381eb360eda074338d58a2d773d1324b9000c6c42edafb157a9a1c73b3abe2156d02b40183b9f9eee67a35c19595915af337b84c4ae3bedb78fa18319055934a18d45115eb1757f76e7789f71de98e246e3551fa9acd636660c233c000009f4f7750860a76e7405351727b419fcb42e2bc28d62272221f3df3d8d2774986948598a5c5229625ebb444e9e54de436398fd77bafa9203089b12e27f0f599cbf837da88b1e41cb482107277c6f9f1674c32955a4eace0a2081cac2b1e6f0c94733f6e1f875cc04d3b0546e2d3bc7e4dbae56c02df2059ab0e9fa09e7d3fb0fb54491b10af545943b232d10b0243e2413a930cfb17b739d0aed099e610000be682ad2c9f5e0c1c534be58da667e8922687864ce8aa1870ca4edb02e33c251fe66dd58d18109b76b4927d21486feb023e8f7c324bb493b6665c3f3b843920c8f7824d7702758b24554f0d1fcc52f7c0e156538bde94e3b234e88ed427796ab77c2f5114130a55d03ebc0e31a7b9d5698180f9ade69ddd02c1706230a405bf5d26f87be82043823dc4f45637bf9cfa151d3f87277c4d002699311faf883b10ebfbe601bca579b5457c2101f0a1e2044b311553a30a048d9bc95fe3e1cc30adc33aa38afee1e54afe202e8d243ed0936a32b062fe913192f80bfb7d25a059f74cf0fc5eb9256354eadc900229646de3312eec408346e5bf6e440e0b91319df6c6d010b56b81739a8540befeb9237fea5f9a7261c60871822edc2a0ddbd3e4558d57679b517a4810c0f751f4e47d854e4516a885a6644f71da90e2d498bf29be5bc035a6866f9e2e5d6ae7ee4d0961cac53cfae284017b7c7e622458ca9b0dc07af72d5d7d7cf10760f0d5defff7daaeae5abcfa6df7fac33d8e7f0ad3b4574a44c039576552359c1bdb2658113560b092df7007eb88c3b8aee5bcf11cf2c02c5a48900dca9543d9b47ae112214f3ce15133d399c16338edee277e05f7777a46296fa94d59b42d5c69aea0445116f9439c46142c7764a18dfc992aa76e3bf638839c050b73bc5af224d6a5670e8c5a7a6ef9b7c22bb722a2bcc237589144bfae2daa788b22c9625a6c6776503508972f3e07d6ef3dc027d4a95e6d5c3a2a07a582bfeeb7831523767c9ddbb6c50993d24ce790cf370c911dde13bad0103124227dcbfb0ad6f68ddc0428b9c2bcb45d03a9192c726d8451290c90cbd64baeaed1a998f500c4ac9dc7a585b9dee4843a6c82fa076ea171fe3dcace2f5fb16b6194fc1bdbb24866ad5b96db2c3b5d90d4cd61e8e216efd75d934e33f20da2c5b1949d3d504d00db03b565a86aad855d660addb8d32d1754ec97f17777874b0885525b7e8b3062196be36bbf5280741c2a3b104c06ae5d6617217988b3c963a6acee4e9720078cf3acd5f532e7f5b31a497260712f5732443e6a54a1a96c389000c24e67bde12cb8a92f12b731c4021893543c8d7b97c0be1b081b7b635a2b554f34efdfd202ea9910d73b84dffb5b888bd9e434077dc360985ef34e7f8a640beda5d7c202b67d3d9babd6220681d5b1e2772f8c5b49f6618fcd8df41ef6ec1eff6d7edc2a3bd062caf3e1c5d6905cb4769218c37b774872053de62e4bf8639cacb419cbace26d01c43a6a7e506b5f6c38afd7421207f88107a8abaf59c6aa0e70c5c36aec38c94b9383e026f78333f8dfe7a36e28453205ac75b77c0d1e43bde96a11145fc3dca037f07cf96811bf2e69157731cfa42872d99bc7107a647018add28b1e0ddae3f2083562d1c35ebf52c10a49f23203bef67d020616a7855663a63b4f648d96ed4efcb0a9b37ad882d965e13bfce16f8d6a16162a17bc6607788cf287573864f716f7f427ac36a19bbceaab92e7adbbde4a45af2f624e89f4ff679992cfe7949fc2b46c8ada82195ad4e3f9fc412d584278f3550cbc207237cfae00bf9847c856c37e9c5c8298685b972338291e733e4de6af38d94063f037008c981dc68a9914c346b721a974ca0242c5a490c6b96e8088ea79af3ac7b907c33dbeb21ce8ad7b83bd0f582669664240ab001658bc3adf2080dc2734ee50c5b002bb4cd11b14e6b810f1fa293eee1a760fd7a3fa6c984b3821b7882bf9781f0676b73fc49d01e75d7ee91b53ef89e7647547447410f84e12e1f3dbe9cf08128a6db323cbed6e911d5023607493f2b7e8e944a637f60fc03df0df3c8ea6b71a55a77f80a2b79594e0277e7590d45596234409cd874ee443ca9ab1c2dca5980178e19db63878c44af2a195cea00932987550e92f12008bf2267cdbc4fe58fd0af22a6b3d62804c8fd3752e7d2bad200e93116008e124cf25f8e1aa0ed6934a17e35c20bcaadf779fdb82038091e6443574c1fdf2fb40ab1605fff2fa3042878fd35eeee9dedf6cf0afa486dc913b88192e5326fc6c891fbc966dd479cff63ca98f89f41007fcef982a158b6421a6ee240028dce6c5434de773308e9354ac00a5921f0dcc7db9ec38e721751690cd39fdc642d4d0fa1e32dccd4c7731f25939239babda5d157454d400e724c6c7cf21d030b5d7791c7bf46b2d6135a6646babce54720e4a828aff74ab8638960bbed33f4c7a7d1fb8ee86c357b34da82e1989209374ef2f2b7cd29bb6c9b0a7cd3d0f7f39ccfeee32c9c9f168fe4ac63349aa25f861cc32517d9e8d174fe65973ba35cb348e8ebdafaf95d5204ad42170d3aed6324823358b8c3340251e084530af84eca86e6b0870c9e1ded121f0fd80c012251dafcdf6e83dcaf1d172f5916f3e5ad1905680a98c4ffb25cf951e65c74c70ee845b280bffeaaf9defe28fa3216d88176f9b764ac4a917edc906e1ced9daaa924d1608c825cac7d35cf459d047e197e643ada817d0c7baf1279e5dee67c087edaa3904bae1b439db16fc98997e31c36fe2cbb4a583dfbc1f1453d9137cb6fc81ba3909dc6d64317f6e7e0766c93e462f67780373279f5f1089105f88a3ef3a4d07db998ea4489b74b33dabf504ebc226616cd07594d18163e315559dd82a7c9789b4437963628f99fe57dfac33db3c5c40dea13d498b1eb5a2b0dfec1327bbe4db81110f04f103d533ba12c85b32e7fb0ef8fdf91d3903d78379da2b720120a3bf379140df07572d8234759112589f22e3d15a6e57c10c581d722309a8036b2920483be6a53e314a87c8fc3e57bd207659807ef66f6fee2cfd6527ff00f8f94d1bb08ce5aad68da4b026f40e8deff9094bdd74e13d031430cce3b566eb9029ca1a8eaf3dc7485f62c071f1b779875d769b742ac97e2f8b22cc9de81e26d81952fdcbf0e0cf93f0406302d2dfe59d67a22ef00634e35104a76130dc90ebf644ba960d5a6bdb8770ffc3dbd39fa7e70cbe15ef228c7fa4d74d3270a0f32b7adb69e3516f34dbe7ac18c98c2338e8b9fe5d7527d009f85622c8e76e559d36976d13b03fcc9183a619a225f0d5238c846d8b56d741820d17619139d05357450040be34a5c737333fb5729a08b2f2b18285e6b278c22a8fed109b8521b9d9d96cce213f6e784348f1e9ad19b512d1daee16cfb58d782daa08fd997525a73c262a633cd787939ea405a8b7be24e7058ca776a1fb6c8fa47ae2781f261e33850b594dd525668f6bbea1e4e192417bb2b93e5eb760e076fa0f88f8b8cc983b3b17350dc91ce4eb42861022a7b9406bc4860702793d14d6ddc2c6f40107208754d7cfc494fd9b4593a57e2799be86eea258df5a80db2120cd5d80747300fa72d2937352e6bdaab3b2d04decdd57694f7fd320aecd006ac94f5e8edd24b585e5f8711c57dea4233e0fa6644e408612c03362a1f5f8d79e313f06b2005608d3a5f14fe6a7908003523b501badb8b373475c9d33adc86b9fe5af7548c0a8deb0e8e57c75d8027119ebfe4c8257d25ef3dc0c5bdab194013b68a52f04670c53bed031ec143e325469708f9d40aae04500a603b20670e671e273c6164fa55e109788ffa945e9c107d0aef150a5e2930cf0d0accef1cd8c6deaa55bcc69acc05d4ced792787f475e80a0d0aaa4776f27f74c1ac81891aa13f866fcf9e1562f382071202ea5da1999d6758000bc51402b9dde2d64d23915a419620399fd96b68224640850c53568a4efa69eb4d37904df4f2cb045fd1b312473d7efe1cff46860194993be3308b5e7a810394b12c025a92fc27531d290b99c570b42c12b8e4509f31523d2bee8f620f53e0030b5d584837026d799d5d0b3964b367659c90f1d5e21256bae158240feb50f470c35cdd62b0bfd19ef55b5402483e7fe73499f41b0e62976d4593d7797e370c161fa6d8f5ace7afa8b271e57adc36584575ddbd60b82d295de3794e8a13cd08228965fb98cd3485badf8013689e9d50a6524139956f57077e64751a10493d0e9c711d41c1b2dacb48b0e5decaf2e420c0e60055470ea68371745c64208277c11919191365822ed318ddf88fec17b707b5fbcd7cf64f0c2596d76bf7c9a416d7bfcb0d3c87e909e59c7272e757e57397df9feedb0bde871624506811f886129d1adacc81a5dc09a3b8d7ba1b24391a8314ca8bd522daafee6f2138cc9b11d8e63d296dcdea204951a80f6afb21b8ee631c4829a6c05ac041fed33fa1bc96486ff8b15a881a0675873e3aa8034a7bd39929020e837b087650c9256ae5da318fc4d7c464ddc5bacddc49ba9b8e65e3e07aa90ee872527403cd173f1dcb81dfe26c00db59e9bbf95b9767f217b5239200555047cf19103873cd9fc72ae57fb3d9ae43a22a99a7c606e9b1535ed1e51a03959497c2c910f8f6074c7aa3b5ccf9606684342e9228f5d4d8f18364b24bd11414391ab6ea194b0c0191c0b33a428d7427f56789e54892363c15f3da179dd6faad54ebeb4751902b945b1329275b5e818127e11d418e53845409666a352cd9ee935c7f35497fe8bfd34f34a3d8ac73d73766f9373221eddb9eed85f5e20c30f7b673d25ae73daa8f5ba36e7406a9a547d357dbeb579a6fcfd1994d1402758a00aa803461918fe2338737dd72816bf135b7843fa6719eb4d73dccbe327fcfb43e0e59ee7abe647cb7aa1248603791afaebab433325da4bce1e5ab10322fb58ff9d3f402fbeccfb23d20c30993359547856cac9c445358889127b298ee84ba5da2ad04964392110ef085e7c18958cadb55136b1a1620aa8c63c918a1681595cbc109e9ff3a971014b1b244d724fa11a3c1d0bd66d7ca73285d48d0931f38a47691f3efa4379e48ddabc0d636e5ea81568af0517c049fff8afd09107e310a196b621668d603a4056663092213a059d33629e563fd7bcfb1fbd065bb2925b4218b50c316c3dede6f5a5c43b6d2e27dcc6dcc76c0ddc20dde9ee93a219c743cb87fc7550863bb2247ce6e03e8b9cbde7ccf91a1a3b5d10d06e26b8d07f687dd79c7faaa47e4ef825be217691d43e3c449656a1f20c6713f74ccbbd837e414890f195562f64cedc36e01522dbe2857d584d850936ac9fbf86ac0fe3dda94d31071bee916944cb86bf401d1a52278eb9d0c0c2695595321b1c9dddbb6db3c090d27b4111813a54cd8ff3808a2297c6e3b5b12c826009273a5690d571aca1fd9d6d7a3a425e54faffe28de7baa7360b8a069cb71345bd17a3efea69a9fbbf6e69896227d6ed9f53959ae1fead56daa3aaa8ee94be4366ef1a5cf996a12189d794d94e8bc1305d681ad656b1b510284cafcb78013116611e837a9b40050f56d7e30c557d817f8136344ae2eb0275a505385e61f67a61ffeb3c7b9359c86c8ebff41d4f0bc6e828317bca1325a511db6730555bf810a1fba409c0f916820e7ca51e8ba4b9f644429e16d037be3202978f3a70920bf6301e000d15a0709f7cd106d10c279a322dd9442eb80ddd7e23b837c25e6500dc6d093712be86e15ad1b277c8724403d0905364c3581d822d91e8f996e362d4afe2dac063e76201b80ce389e798fa48342751477e26892c8f57b59ff34d18bb08157662901fabc58708cdf84f6d0a7482c5ec6c87c5def3b529418e04c41541136e7dc278a5657cd055499a3fbf60ed7d50f57ba0a0b92b264155a81fd2c4159b571ee3f41342bb2f245b18b69942a1c116a4fb944364196203ac14f0c6777e76e7de540dbe9ab4523800242693fe35600b618e325d2d408c10587c3f281efaa37f38b96745e32be7f7c0f70dd567c20524ccdbeea385c0e663b1130ca6b23eb0d8423c082ce5653289fe2ae856497fbfc83af291ca2ef9beb08f00c485c7087f8b42da404dc12f62e70fea3390894eb49e6a43e694cb13a459760647108ca1f1252ea41ea97c9368b8b63c719ae4212f88871e680cfcf84a553da4b42da1309065baa20e4762bb9d93c382fdb0ac5763ab49dbff5b12e691985686a4b30d2569e6dc71c378e0d4b962f9b28b1b59b0db82a5af8242f846c1208b51e0702dc3e32d9909db81eefb53370a5a3fbe6e3306f20af968a78b6cca3fda4d61d267a3c531fc58c342ba5c753adcfa51706ddc4f20fd65f98dffacaae8e2b082b97a02d2c5200d2e15efd2b0f1e71cd67f5d5d529efde505f2b2655ebc8859449ce8bc5f155c00d0f2a5e0547c25cd180ce7af56cc39569aa788a30b66337d4bbe99760bf01b9c18ee24c7a35ec672b7ac78701149b53bdf157a3926f0fed276acb0f520f4785b946098c840f031f2be8d547a70dec99921065eb2f16f783ee317fbdb1033378dedd0b7eb97ad3d12acd338de1abec74cf28cbda9ce7f69fcd9f022c5b019e0cb15bed0ec6fe058155ae22a59f2df80cb997e0bcb86cbb0740b77ad00676feaaba1ee0bce1b8ba06bbf973fbae3e92bda7d756ee77cdcb7f4a92abd2c7b5d902fa0d802c5085f30824f697af1c891fa3e82128d3d2925335c848188e59fbb046a9ca169b6e3178513f50233d673dba8ede307ff817465c6443b6e9e8114ba0305c70384c1bd835f42f6f8aa56e1e6f14683d76254ff04ccd1bb692ef5b95ad3800335eaae371289a6cf0f4f2712d830ca6d09f8878e9814e772bdc270ff04904ddeb064863aa77cac1b4a75e0f637fa75a9cfa5f552cf2e311332024d9a710801712fd5bb35b84bd6c8d5eee97f69c1a8e0f279ad8bad2041921142034e8dc884e96a40dd0c9b712e7b269b4e42dc296c9e3d4ddeb164dd0b47c9082d7d69d82a9c174fc18eac0d89b8c22d2f33951f264eed6b041db01eed5497a92cd10d48997b323f0fd55b8917dd576d50f057e4f5b2b9bdd94ef3b9c957f574a3c124a2bc16a9ffc5789ad3b62b9c4a371c44f466674005501c87066705d03dcc52b993d578e9fa3a4c32ad3c014e9ba657b491bf060bf43a802598cff30dd3a0057d527a180e1eaebdb0259a1815241c678599bf90a7931fc9f322aa456929f2c819759078a04304071b65b7f07b6dfb4f98a09efa0050cddcb22d9e6c669d09976bf055a1aa222a1ad33090e79272e0c2d6e2fdffee5ee23e575220e323f01f80ffce2d38d624295c3867ebec6f864a72c954a1dec8100d379efc0164ea44d09fe7856ec5b55a1cce38479df56c8cf65bc52d0ad6ec3dfbb14c21508c9126841c6fcb20cf31d648272cdbe340ca904622668084567363392eb95c5e876d65d1fc5029ce786070587710dba249ee9fa4279e3d30a1633c4ccc70342446868b65ae8f393700458e60ea3b5be3825f5ea48dfa221f83777e4b6179d5caa20e7b298e90e1813b125ee4af0d0744000cc8442c8dab807377ed67b0547b5e53fd13a4b63bf858cf28de5fa26b3184fc6b9c8d6c48710ed3adbfb701f1e40fce1c66724838e98b6b7781eff32f36086750bd0c965474b13ab578d31fd8d57c1b843f15b82c674858ff0d9ac9afb13c41dc7043351bb44904fb363978fed9008d5e110300fa0c83128d7782be470926bcd8c626647d5fca4ce6467f52536a9f4da1b316e8fefaa35758f3389ba4ea21c1c3b024ecb100d53d6613ed213b15f09cf73ac07d68f4465a5ddc57a5677e3020cf33e0d9be4a9c34071e79306476c94c54ab0c7381a4905fa064e6d5502379fd6e126570031f652aee609ed77247503bd2d54bc37e2e94b69e838c20685cce41e0fba4c7e3c498f11f45958cdf00d5d0df96af7b0a29a8458054b959350b503e73812ceccddfe17c264f02a575693742c2969ec200e4dba06828fd1ffce8b190f9005464b42f2c567a1a4ddd0a5c531095356a9c4894571a334628a13ce08e0c5b897d4b472726e9082177187d67ce3146698617b21cdbd5bad41cb26483eeb77eba002baea7c7a3bd4521e76b7e265d628a91188b79036d6077feef0a85afcc7fce83a9fd539008a11c5fd5755aeb644045c54d8d29e2d072c20ee37083cd9e1890ac007e90b9973706ab6654141050bbeb2bdfc7c14bc624982afba20b7bb82f500840a613539d3a5da22b21c57cf792a4a4507b949f659f659fae02e494fa42cd59b6ccb9ceaf40e9ce966c3a83fc48680ee2cdd53393db3928205f3ca74ed860564038f52e485b7429b59c7f6e96449875ddcf39a0243c5c0ae6b7d2bf4277cb8da0a9dd0279fce4f9a65e8aa10d2de0e2bc6d31f06ff6db5ae5190bc7abf3de0e3a9d950d15e14294349326dc55f68ee962b59236e8ebe537a311d7b6d8fc8b74b2556e91ae64602a9ba5c2574735a5c7ed737712ad3a93efab2b2606a89c36d5ed2da122e9a8c7eb2334c9abd3486e7a326f8b6d0aef98ea08f322859aaf58b7d11902bdf6515449d779a7a4ffe59b8fb89125cb76d47704ccda8904c1246d301e67e98867a383dd033d62bfa8f1790d17f11753e8de30ae668b622199d77c00793684f800ee67df698861e4f0ca6cf2577c2d2ab153d8077562f1f5564d26da599a0059470581c851769d0984568f2bb1c37fe8dd31624736d136c0d2958679b05499a3751385216a8f22ef043ea4979b9d31fedb40490e348e11daae7ac4cd98c0577a7b28ba79c60930c33223c6e327215cfc2fe4a17822539bbef93bf775edd10b930447544aab02acba15a55b8ad6a3f8309c0e5067cc87c7769a92aaba600debabfac4f30a7efca3d957fe9b4430297f605f2e10f98e61261b8549245235b25423930189051fcc0df5daf71f7023f5dd39d1045e0cdbe4f784932664a2f4e468e0aa5c1780c59edcb90891faafc9f1c12dfc112ce63a7269a12e6c243ba6860b857c94446532640586bd6c1f5aa3e3dc81293782dfd534facec25b3e3e50441cb60fc6cb8fc2e4106a30c47fd18666acc52243028ed95b13c51888f58055bee1c5d1f7e9be860b6cea8ed85e224ba8b377d33c4c93d26f6d43222853169fcc0631d453d1188490cd902e095215590ba85c6a7c1a271a649bdfa3683fe093bbe5aca0fde3fa4d4a6c04a157a11febd3a3e32ec0c8a967aff85c9cf86941d35463b4c8a8c350e56f3f08b6c9bd4388610ef1b446642ce02914182b0cef3b9ee09dd78aabffadf76d208f49ab53b1bec7b4ab4d3203198404c1d8bd393ffc0bb0a1091928a256bdbe742af6433af8f7dfc13ce51e766fa3840d900f719a379ec90113a1a85f0c82f413ba4d42db0c12a40a3eed0e9f735b9eaa8c23035001db6ff07da1d5cc43a90b0a64eabcce423858a06f19700303fee6f7fb54ad5fc1431a2de36dd28d3e5c1da1732549f523c37e83fa5a11e237252a9b3f1e6132221b6293960e75e22663e79c8fb773941c5684af99019879fd36385adc7408464f139c70e81b4603ef329b99e9ff3c0c15deab875523f5b98f5698e499836ee8a3720292c103e124b7cfb445c18dd833676f04118ad2111d99a32ac83a2640813e52ea5850fd30315941797e1f3356159c77eb1804edbcad1c17485b8607b554694a6a389ee86b1adb755bf2df49534720bc579595bf0aa1290bfd54dba8e1c9036f7fd429feb840fa77393d6dc369a18232fdd35056248e33e3fe560ec3c42eaf8caf9c1a0776b8c4a0d4d67e99f59b068effc365b99405f96aab539c5c1877fad54a2ddb61a8043c7c6c1bf94a35dafed722a9ff46ac9b7d7162e0a6962a00367aa336c8f93e0719104ab3fa57539013784783b0c71a0fa3de63ae6149009096f85cb0e9dd1d6b2f160d8e1440fa2de75c774b860fec414d7a9ba7f5c2e2f3e6b0a8ec349ef1b4c5ba25ac73da91468e8ad9370e8be6c05838b082a041100ecdb13d952f76301c1baea23b1194b86d90042ac600c009b6e475ca0b46c418cd282f3221287f0acc53a265f05aa673a2de671ec59e10e229a93e5679ab0b06322be78f8679c273ae71338fea1efc8439f7834f189d96fe18b7a9127fc7c32c868f76e0c394956948e8da35a931c0f06249ec3b2af37d99950d28e2165a8dc82f13a08dbabb95a130c5333caa5eded6475b2014a71fa57232880916eab5a9fc19284f5b6ad050c0886a11b2cef1a95ef2964e3fd2ceda849c89bdade2c499bc7c9c13ec427201938147602bfe57de3d07d4189a687eb0ce5c9f34587af2fab479720d6e1c62dbe0ed864cdc265e5265b9439c8bfb576486ebf5f5e0157208e8317f4eb08eff734d51498a0eb47f1ac91dacdabc62e12d9e8abbfe5eb2651bd25d45e26edfd8a6a742a6183748c48badc2ff71e4dfe07433a1fe668525d62478f1a88d208cb1d746a6aea8ec0dcd40a90ad0fa6dbe5d761feed3f711c6b25c0b38e0045f1720157dd2e6b287057b8b9fed545cea90c15ea3f496600ffe18e785b350dda4b3ec43d2f54435aeb605de9504a30208fcba857cb32ece22fedc439219f85a40ac92164936c8f87f24e6c8a77259defc75f24b0c040a2d2cd6fd4f5202f1296275777aa320def546e98115292d0bce7dfee0c8b269af41256b926b4c6cb61c762ce912910f106da01a0df3190d0010fab147c52281dfd0a2a1d13c4ac640d6c6e4cd140b22537ee2fe61c7172a3389031dc6814a3961356f15bf56983c7c84cf6aeb348bb88fa0ee60ec0f36b9c34c2e0de0b5705f9dac1ce13d95ec6de108fc950a5d55398a5893cf9adc818e05c6c0099933c3d3d06d77a2acd31979ea7e37e45b83af9f14ddd78392b7bae794ec11da8091b05cca6c08c46b9f722e04f8436af326d23e60abafd779a35536a7f562b6ccb53ece675bddb5d00700b7c57fd830a15c4cdefa58785c5fc94479da3d587cbebaf05a9824126acf09c480fdab4066dffd2d7d937b6ad3486e7408306740fc3fb6c97146400f2161d285291896c749b0cd2c1b0b8393508b40a1ce860c04964467a5d580824736bce6dd3b79819b47726422a03de1e8658ef694a9ad54a605f14fc2be527e08d5818b6140f96a34d27ce103144b97ddd029189d171836e297337f48b9050ceac44ae77d5e1758f76926bdbdd204b9ea64bc10adbb5ed10647f12914a733f28207a54f17467af248e56c843e020560b6697efb97873518013e0e7e2e73c3b3b351eacf01cc0ddde70938997dcb6a7745474941f3c571a453d3852b135fefe612655f1a62a3809c3946717c328e37afc80651de7b6735e5b7db703b47c99b2d3a6c93133dc1432c710f04472e2e0ce6a79c32ecb9521d2168b69277eb759b4fac522b34e2576d20c601383d5909d3dbbac669dadbdbe65ce255367750f69640b58dde3dea65b27473ed73db0b670d7638956294075e2bff25e19d4ddd03705bd8f52bb69c17a9afbdf5bc6042e2c39fb2f1d54ccbd79a8251b20e394cd7875c1baf5ddfc3bc2603be8abcfa79dbe391cf050cfdc1f90475f4aa6ab22f2dfbef89756e6330d10a0973aa8c3594cef5bbc73180562fe389594dfeff96b162694a78811a7bc4057fc703419993c49a034f4b068000ba41d3cb77ca9e2ef1b3c51b15ad048e2015e9ee10df082fac7a9c5fdd6eb3ae7e9e7e662e7b884886b8ee4ae09da2b5f3f9bfc88cbcafc2954c4192f94c95410845c78f3308e26a5c8e54aec49e43402e7c00eb0cc0a967528ebdf54e4a1c3943f81707c175076f3b414cb2fc73ffe961fc32633fd718fc109c9ab7b1f6ce2915d7290a088296d2f6cf0d58d13080a9d110a8d81fc9e13044c621497fcea930c1e062fe979f36eb3e57d539e3a86f63f93ba2856cfdb1e6b1dae0bd01d52f8d6a71c641920c0953ff17f102f6cb57595879dd5775e7b7865f52e6517a8f76f59438c18a1267e2728de6dc984ef627033755dd4b259c282de681716a4b6596f08a95485e7454e1a8efc3e4000dbfb57ab65a9a0571c1cfbbd730063a0709756ecbf8338251ce879bc9f2eddef85ec554402567e3f529641cac5a2462a82906fd6f1129d2e0ed889a33c41bfa5008ad7e24a770b214833a32d2fe32aab5866eefb2a8dcb90f1a4c6c9a7701e44a117263c27f9fc32764c21c9dfe23ecc9a6b82374a97f677e773cee5b751228a749cfb6d2094fc9b66ed11aec39930b12c5223c9d15362306e30eb5cc8b16ae911763d548985398022ed0895f4fd11409f4574d1cae8cd8eeefeb7bdefccd2d8fc1e1cf6b856f8b65997ed62a56f5875b85a085073855bf471bec157600968e23a75fcfeb651f547f2bb3c3249769d0294da199a252663a435392cd2a7cd03dfa53919b3b0001fe1a5fcffc4688c51af62f832f2b48ee9bca5713cd13f78c6a627501e185ea8804426624cbf0f3e6ebf23c08fea1d4cddd5ca8d207eb71a783cf4da8de980640da32da1d7e6836cbf29d39c1509bc492178e69713799f0f1cf0050156f9f0166e135107fea46cab3f87dca7fe2e81ec688d09ff1a592896a6f0bc83b2089049094500791aac2bd388e6e837c388a50a44df92befa8ae3ea91233e33934f0cab59b9f664393a26b45bfea62a9475b273bd029c1f43d88fa87063b4858ff4934a8f54aa4aaa02f1f2cdce14230ac6635400f5f59f854c4de0e91dc4d6d34f41dd40aae272546cfc8ae4c6b988db8a84e118576eb6cc582cd903cb9a93771c19bb13877ca9f4ddb7f5cf7f6b543d208c17b2ddc1c644c5f3922e3a7c4148fe4b45cc824de704baa48f949d451405379e13d38bc6e2eb9dcd93665f9e7822c0a6a314452c01e47c8f91522787ec0eec3546f8c0b01f08bd5a60166d3542e704b9793fcdae5f46b738aacd01867338f469b15de7e49a0a49f1cf17b403140dffd66c883acdbbe244aa171f9297cf62c11bf2a684745ab95363661ba923bf916f66132efdad551ff360e1127d0ab6b3982ecc37f437a323608472c60feefd923369cb989999ff928adc396210afda442a9b4393a72fe6e0ea48e6673bd8bd62b70aa7e5486ec2982219c7f2c9d50e1ddedaa52ff45204ee613182829a5b1112936eeb566041142f8504dd2e4d1a0a2c97f1437378be16fb08b2e7a8b5d1ae6683915747e5bfab725af86baabaafb57643422b24a7d1dfd9ff8b5871a2b53bda9f9b347ec6b9137e904719e0555273b91b92f326e7b44c23a37897ee50769a6f27d329398ad72c42b7454cb6247ec3e8dc94df59edc303b79159a85fa5573291a57daedfa3110d305df34fb3f61c5550aa550cda8ed99559bce2b1f43507bb90a470e4cbf445fcd4faa4249f6f9f0379ca55bbb475a68c8071e3beda5b5c2d2c600414af64ffb989aaa8118a79befe60837527ee0f48a2897ec8908d7fb2612166d762912198332defda74b82561ea69a3c6f0e3e95ba7b319f3e7f229770ad99036042d9286b5fdf6ad08c5e5896e888e37406b5edbd6b9f2c0b26de958b4bd72c60bd11de336ff1f84483af233bd35293b59e769f944b2d1f86175fc9e20338db2d31910de033a8fbdc0f16c828b955ec3cee1392c6b2ed7372ea37c4ff1ee591f8bad6fb33b7237b1d3a82f6c699b8d41e6caf47d65a4c87fcf4b94199d042955b66fcffcfcb37e0fcbf7fa4db33a14d1b6f30d688ac091dfffaef2f6c5da42e385f0892ed2f240ecfe7a88c5d647314f38ae0696263b6be75ba2fecb850660127edf7cf347581211a6a5af3f4ab560e0aa80858cf62c5bde776679a498bd551c769bfc2ea11cc2dff1f58742b96311f349d7f0c982992bc55db74a3c9a71acfbb728e9ba957b2c5d4c064fa69693ab7e02546b0da74791740d76ffc9a1855061702580dfbac4e8e17e82b9f7b1064dc40ce732ef38a4f1eed0d31c1968eadddacbfadeef621b3888850c2e09e43ce0bb3830a48bbecaeeb205b06ed14e57ffb5bb8470cbffa2eea9eacfad4f39a5bbf933ade43fd6c569cafd1a446a24a01acd371df4547afc2e4c1a4987c9fb40b2356a6ee81ae50bca519c703d80faefb43786c3d7c0904510c9f4f0d8f7a358049212a9669aace2a1a9e79ee3a57eabe2a94240ad153f749e52a55543940badc67e4d35d025e935d8187256a975c4ff257454cb628eb635e4989ac5abeb18e02e57a7dcbcd40f8e4eae179a9a86714417c68e093941760037a78375188c57319e381be32fd81104b1b8f389f8aac140f808271e4104631165d5fae0b1764460fbc039fd7ef80171bbbf1d23ade3091479ef21bb1c71a5ed6ce32d5a6b471e489c9484dc9caab686a0f4c520765f2e61af4ae74a1f004f677a0ff2618b19970a40a30a51a62b974b706c16e129768fd9574fd26b4f7ec2ad212bc03bec2e8379c68fdeb7ab780bb2eb2116a6bd404b3733fd1b5fba8fa405e18d840a83b2e568de615fedf6d4cad82f22c2d0696c006ef2ce13620638e8a36a7a7d406c74c6bd62fea9d1e1e87a99d793d4ad8c9692cc0b7e69af653f9d39350fd391fce2e7f6aa8d25e4f5361058b1b9f94d3546777601d8a7152c62d408d1abfc15ffb66b3cf148f9465d4a0c88d2e46941868556aa5851c78fabf217316ecc93d642a46794d6671be8dab0057dfd6bcf87e748da01d854112841f5d74b326f5491437e7b8e10c51c3a0ea1fc1332a8b2a34297aaee549336319c8ead5b3fc1723417e2f8155a3da80eb5bc8add8d74b56beb81b934af28d1825708b90fc8ac047dc29a3ab62b64bffc128c7fd772d8685f1005b1ac588747fe1b7960bba043bd5ccf0a6b1807619b6f48b7a3878a8296af06fdc947c51a1d6bbee1eb6245e54fbd19b798dbc889ef489b13d02614d6e6fa9bf451ee6b48fd9ff915f0d9d57f5617c21eb8e50e067ba0635abd9d2ed42fe16ce4a39cd709ffa827696b992beb1f89e693a6708b0066183c744b916019465d984c9aa4260379d3461ed70fd69eeaa1373f3f0f8af8feded3975efd2e22f3350092bac16ba5d5bd48ade6ec792718d44bdc8f80b2a7b8e1bd96fddcb105b45d21baa1f18f5030bb36efa8046aa9f35fcc36af6f057fde174a27f8341b4c58a29a4786935165f401f3cc37bcd3b7fba9ed6d7130410d59f7741e68891b8c7fd9c1cb120cb9c528bd821b9dfc8c979f988520f427d3451700817432209a54dfe3fd28dcefa042106cac6c6a884480c608708dadca4b0ed717c9ff725cb7a4a25dc6e59600d5c65daed323fc95e3097478e1fcd0bbe31fd7b327f019f0dc29c9c728e626dc82250b24047c55cf8b62a087ed5a83f5f55be33709d4bdfee8b5e1b589813fef6ce1b927044824cc640825005d32c5de183dceace9a643c94269749daf0311f6f1ea5a5b779f14c2e692f90504a1c2a9cf95b78769a2eeea9ec2889ab676bc36f48c1a9c9a044d6e10fdbf3b99cd055b6cd64ce5e03e1e17737df0137b857fc662a9a61a08992559aa09fee3628de75c9c5101c4079931f2c05e139b3038abc10ac8ef64f76a64dacb14b3ceef5cad1720acd86751a5c03803a55feeffe760243c8e87768020b5d2f56ce9d9bed563b97a72bfbea996515bacc1e24586acc282021154152c6c9c7d402ee87d3d770b256b466d1333cefa0c33a85adcff555f08fb7e07058ceb003a07ee2d288ee9b3a2579927d4b41339548ca3aac09761a736b04fcc4826e539a2fc0b3fee02301c996a62351e3494549aa0c1b2794f4fde83b622189f9d1d032f30082be163771a23e82dc3c6d91dbad541c12596cb7df6eecfdfd90ddd6305f1a4032e6805513b484b858ecb9ffe4ce314c3c2ad1b52fff918bf43b2246c87e37e9f05261a4fe2dccb2cf713bb9ccddab277cd633c150ea8cd11373278fa627894455a6011909bebb470163c4a761937f0816a160a4fef2cd273b8f6656c0d164938f9e837676c999207459887a02f6ab553796e767fb71f6425b57f935b30b23f4edc7cb14afc0ab47c23a8b8a40cbf8bfb8963215442bc1d6aecf03ec50520cfffc44a89c5143a80ba70e6966e856522dd6f08d926a2c980fe9ceb2e265c5bf75d52a2dbb2210ea5167b3a10ed0cad538ef4afe1bbeefeafecef7796611bb1bdc0b1e5c5ac5ca512ebfe2fa71b9d489e4cfabf2ffcb0e62c7a29c791f970c0e20aeffd6bed1030e6de8c5d8c506404b48bfff7074e912236d62c78b43820b9d94f9d426b8fef22e239d3ea60307ff897f8ce1ba657c71d95455f3266146f6f5ce5366991088238434fef5518fa6c637939f4f7fbf0228b10f21a9da896bd098d3174a93045f61df22f2bd1f0baa6d46bcd4efe8c5f8a6565c52af3d906807dfab48309848cc4d2e11a2f1aded063b7bc990bd62af2aa34b1c13b69f65cb933f3a661b93375d9b85a8388e0a50be723feb865e0ea9a4b93c94551be964fa7d13a59b8e24b4e2b0045dd234d171a4fa2acd84921043bb950fa36ac4d4c1f1cf4383b8af18a6f10f4158a96127bece4c540802ad87ba57cc20aa62c60a15c7fce75ec3e375988615e3f75a0cf4f5fb05913c284054eb910b86acd36f15f66f9fe7e0b443eb59a784b4e0b9d6922260ac16f2929c1268453e788081b19b614addf4509c492c26d0a50ff131924d9b2d2496a9b7ea3203608ebb2ebd71d900aa966feb2f74b151dad951e012481e8c928f3cae81d07d3e56ff7a13240f3c940b5ee1f49d83f77151d0f1e6c66f42f3b8fa64a43b9246422d411f508d06e39dadaf39dd354bd1532c5ba081c1e6c17863c911e76af3758b240ca98a6c3fb1b8e460df2a6b280ba04e3f58e8dcb158ecbc740a071a338595b0e75094b261fc0442029e1fa668d51e3112f78a266b5bf6c1ec36ce562a91ec0efb398a17286e8e3ef756eb0e161a4ffc1f3346ac9b5864990cf896f21a738d40deffe4a72e7d427d3b3476de0f6c7c773a1750ecd37e13abe8146f8c84208a28269ca8f30004cb6434acabe7185cc4c9dd87d427b8f5089fcfbac423dbaad38c9563637377c19a448717121b89bf401463a0c2da06d44b1662711c8b1e56589ca6a84da033d952324534ed2ed4cbc83d716afe80ead0a5ff941268136a6e56e99d34a95eaf279d9b20ac1f2ea4b08c9dd895e6bb919ff005eb64fc74b1181b779c3b7f7bf63f4ffa49fd40d9d9ebaee3e33351f2f807cc3630d7a223a48114b7c5b9ad3dd3334a2e90dc34ffdd9f28280c74d241c410f247c76525fc69fb2eb8cb0ad6e7759c0dd209b0ca7d4270c794d9a1a46502e562b2a6eeab995a6964bcd0a2d93fb824f2161aebcda6b3c4315294236660ad846ed0344d1abad5c996af97e682771f8961fa076600160d3fe0091951500b59eb3541fea434e25123d8ee3c50d153af4bf8c43c5e120c61d0f2c298f29a91dd89c2502b62ba3276d961ed482d79ff065b4c4a2afb1aaad7eb656293ebb1146206f28c8e5ce8af7e03fc40f3bd3ecf5280bd8f9f2e9f13bb29ebfee8d92bfb23fe96ea0fcf8d866d4e4d4d99d47e77caf330d94290caf07a0155d063df8b329bd93ee7cdf7b7d0e62296e1669b8ba9babcb3312708f95bd8c8f640f52ccd74245c2732a7158948cb253e54a212c21917f67aed4647c1ac29d567b6e249bf70d04cbc4afdcae41b963320274e9b40fec54874b28d82ee3b5461703a33fc7126ee59229c5e354d9d8cdeccc45215699cee5ded14d70ea478c4987a1217b3a9f05079bb414fd90e75dfb58a3a5beb942deb6ce3f36c664c61d38ca6ce284f07c0642978f865c863c8b7b90c55d83f4475aa97f3c23220394aafd70dcd6e4f897dcc29b2717fc645e6cc07d5aaf44a9175887fdceda90afc05ac3e5c60bcb13b374db942a273d3505db33d2b2d7caeabf18c4b3233656089916a8cd054ce3c8d0717ade6f6148e90db4c73ffdfc8816935258c76f96e9209e6697fc2b3c0433a2c4fc61ec7d9ed553c2462bcb2a5de8c063e7996ca7802279eea99085d286fb716b8a5107fe5bac2e822ea562d068040933a5ddca4c25933c4b6513eac9e7d966f31dc06a6de0f34a8c1d240591ed462dfc2112a85c349337bb2a424649d07481d0894708588976e766ab06af470d5887e0a34fdf6d6ea4b0394bcde3fe5b313d3b7a7e3188f64f3935e969feb2dc58f97a39af933e62476410f7962ce44421637283b7a9ce1dc8b8f67f4cf870536dadc8ad56828bcc20c9fb51cb9c735e9259883ad16dc658cb00528a1ce0ca6fa75689827582863495db498d29b7cf21208ddfef6108c8f971b19da109d0434a24f8b061c1495c83ce8ff1685a72e312b10bfe2b134f72b8e01f4b492568ff21c4dc1047876ed20298e9440dfc3c9a84d72341c0c378cd1cdfb5b7ad7614af43eefeb71607fea8ed381533ae357df1dfe7cd772185ed902c4057fa0dec621edf5fbdc2964a4b9da8878edbb7318d849d61cc0d30d0bdd647159c9855f50e12d3e223e04340da0854137cff525051bbedf65eacbee6ba2397df5689b21c0efb1f334e5357ed5a3b51542d210e186f3937e7512bfc3be783c6bd36ecbb52d246b1c6cda47339d4733bdf047410dc9068b5aeedae46e93f6d47a1d189420cfab858cf2b15111eb9d4bcb574fd01d532062c52142315741d975642b3c819d210dce75e966e7d97ba3a5b62a9f259b2ffc30f13e2b5baef390b873a1a1a937cf3b50ffc1bdd9451c62f0464c42dae0d11d2b9decf0f7aba6aeecc27ee42db0b947c06995cf8d1fd22cf4725714d78af15f0f259d110391d9effdceefdcfc669a02bc861c3b5cad32712a19915d441ea45886d97f792e014796f16559259a26bbaa5a370f44f77bbce56f37b453423b8e562c87c389c85ccf3012178b16cdb334bd46c887172bfc1ab4e29fc8ca3dd6bd012c054d9fa1d7aefe5dbb00e5f65ef5705a13b9921de9f960d0f9e64290a41180bd9c5ada3d8374b083e53dd168879c4bd8a6266414268eddc436fd5b41caa629f4705431b235e32480a8509c6153eea014f644800e3f52d8a18e8384e82b6d1a14c4d8d40a18e6e45e65e94426e807b75573d5eb74c415ec345a7e36f4a1c33b71c42b1209ba37f56055a78f39ccb9c106b6f36425df6c4d21af1c4a456d5975fb6ebadcbfd7809b13cc5d96dc8338686c0bbb8d6031bdfd91de8299fda81df8d9e9575f010239ebc14fac6b85718af0330d73569a74356466815edeea7aa858478529c18aaa2fc839a799c8e463399d87b24f0c86ed862569a84c229ab0c049a0e5cd8e7664e1796c25fa731dafa642a23674529c4585706f5e9e6cb669e010cf8dd5ce64db0f1c5a3d2d665925f703378202f127e73bf3a5637c59978ee626038d838f920bd2c8d6bad04263a7a554bb878e5f0da85a3c5d31f282b2888593a40488ea1218c5baad092a9e166776787fee85cccbcb5ec91f95cd85160c3805519b8b2adef2f58268c0f4c0a9e520044f08327add9f7c6a25b2d585935b15c4e778520566e7c84c544eaf9dcd0cc70ef56c82521d5604455cb767004b3d1e3869bee29037f239eea6cc55a1c46ff4e5a0ce091400636822fb519e9b642d0fad84b26015fb6c1c30069194a0f34a6232cf213d4029ec26ecceb5c87acd651e7496daf37ee1655b0550e49974fa1fb7393620784fe8318b8f6b5b787ba5c77b7bd8e8cc9e4b5f9f8498faec8e46795a51e5e2fcf19d20093a11774941e06019f649dcc5a9ffffcd20a0381a8a294178a36a56cf86c8583f1eb0c59ffeef3b3d9fb447f07695238bb4528a032c54d27d1bc0345d87e0838d5b75724ac9c849957ccd35b141a8af5ce8eb57dcc2068f84a171089bd37163e82fab37b306d01d0bccc6ddc71109d03334aeaf0986c014d8420f3dcc040e599f1df1a9772c0e96afbf48838883850e3627e2c5d667b525fab05fc418f48d5ab712bd81ca26dd01487370a32781d2b0005d16ee73af75c6be8a48f13bca404d1f192c7a8f67ef07407be61722805d8bf870367c682c5a7f76d73f6b18143c9181c4e8eb92ef492fdb70428ee11b7dab9beadaf1d06cb2fd1a2f24fce6700dc3db9af6a976466a0b7b938878fbfe81f2b1cc808454e33b3d5ae608cc1c3a84a2bed93c7228d91e1087017b58d08f7751bf79f52fff32bad4daa22864e83d5f5772ffd5ab0c49de777488edac2d19469d575cdaf8f625adde6e0bc3083b5c4c8319412ddf1fc22787590bffde930ee7fdb3f30c15a3fa5db26d37f61fff9a395ce5aef90e60d1a980e9f43434dbf32599f53ad2afc7fd092f1d32ac588160476daa2ad344f9dbb9f9bb3ffc2e52fce6c49de222df33d9c2813cd0dd5471c16ba49ccd57d6a5a2fb3614681ee2526fc7f69971cb456e332338cdad527d5d3988f84be1b087f724a58f02f2affe492d88ad6fda278c7ece60f3535e98f69b3bcff8d7f03da1ae110994dc0476a48d5a72f9f5e9679b8a083fa22bb71005e72d9006d961d9f95aea9dfb61093d4e21c552bb4e34443d8c1a65f3bf10c1c6030e2e6e9272cadced3333d2b0e068b9cd64acc4a08bba4d74f72f3649641d78edeb986a372943d66997aa153127d9c24ca3c616b252cd6a18141973090565ee2a30fc77697e6f6054aec1aa68521daef3a203991200b0c7d402c7c7d40560242a0da7ac369d85342583ffc5620dabf85513c03fc6dda46d09e73c17d117393f231681a82c9cb9707edf85259a5eeee3835a908e07b50a1f1ab70cc434fb77f122e4e636be0db00456e3ce8e0563cc334be5a80efbcc06e67eb9d5f87519527749b18f57d7bc75c6f81465acda3d04341f250ffc750478cc79a042ac2bd3de1055028a9bd19117c39ef81620918ca912e5cf0c58ed24f236c8004e39dcaea7181a3afc7d858db677446f976f305da8bd5568dd78e5dd3ce6a15cfa93b90c3ceb86d027fe3d1aa8ece016f3747e85add2d20909342f1b7eed80e477163c038fbefc5ee49d0f45f0759200bd6bb1c6b8d6535cc640b4d9e2daa453d74d894e74b91a173292868a377fe7f7a66e90672ea636c9a9d252aba55729b82eb39f14fe7a9a24ab80f9daf10ad998e5dd78b3a9c61cb4646c6a57e6e9979dc488d7ca524e6e5a6307927a55f062ba13faa4b7c24a8f3aac8522a15ffde1a45f8bd7f268194a92e2caaef55f017393cb177a04c11e9c567909370508c80746638c13b057121421e55bc74b15b9ceb20df688df7afb66506793cb21a1c0496530c8b0b8c21961eb18a3a59c6e73cc45bcad6d74e01c7fc6729fb7997dc72a577b8dce4a891bdadd6aff8d8aa73fddf7734815f508824899291010b7ea90eca478933bad21d596a155ced0e2540cec8eef294e56fa604bac70b56a3b418d93d389b6887c70a4ed5e4736a72615ae6d813f1baa46ad70c076203b311ee22ce4054fdf25dc2c8ab830710c6a536177a47961b82706a7b55c01d30a244c560a7a5343e67c27cb2f63617c98ff2ada0cb01b2a4b3f091ce8d880b38c978f3cd12bceb43759e4e5c1a0efeb4a85c2daaeb5c4118a2f0078e0615a66db1b04accb163193d8154c126e012528a838c0f849fa254e586d8ca91e83eff2a945f216d2b17abd9888d4bfa24d29a8fb96221ee253699ddbf72bf24cabbb7a56d1c9098063b28eeec412e3e057e75944d3d8be9aef8a7ad45f8722b8b4b893496d8817923c5d293425a61ee38097e85475d729ec70cee603dc43f35e461d0782cd88f4f695af428af042c303a25a17cbfd5cd88bb3e8c0626591ae7e042787987bf72ff7ad18241201569d142a5c62760d3c3c8f425e92746a8b274868b6e9e7667c7d8b2181cb6d552f3662d7da40e9c0c7422dc8ccadfa0a672e1587d11b1b7adbbd662b7d3775efdc9485f410d15330326ff4dbf476f7168c78ea48cdc6e4197e4bc67d25522390b9ca2d4755a73d5cea2cdc0558ff51a816ce99b88eac7b6dcd2a51ad0008910f6cecba154703649b9021f06df3641482fc5880dc15d2668b6c75bccf1c9b0619972246b9866fdebf835b8343a38383dab9ac8392a918db5144cf42fab8fee13c87e950fc70daccb8fcfa656a794cd94fdfdc8198a97c966bb8eb591fb2c92a93bb0b88e0da6fc2adbe3c6bf3af8ecc3a7ccac292d65c98457778fca1ed5c69215601fc81aedf07ae15f5bc9c0d962f62546af4295fa7d5e8e242bfdacb7b65ed8b1567c0c6d97dc6b576c64990885aa6be9c6e6c9c9a5f8e1a3c2417e0fc071b89b5b2f6bb117d43a9f9c0003513ab02604d95f78bb2e3bfb2e7cd185aa12799cab20acb3dbcb302fb10218f988683c960ab478a2705adb6ceba9e29eb66356005417cdafd89e8860456c0b79d25a344f5f64bdf785dcf9884b80052a94c5ef6d8de0ba2dfb6853533c833646e12abf8cfdebdd8ab875424ac0c1ca314ec0389f3a88b9d3078eaa1933ecd638574d84409df1d6b0a07be674c86f93744e170ec3b47c10b7a6a889515263e930697ec60de0d13f50d313103ad97bdec59de80bb004c875156693c9aaa35cedfc55cd1d3d1ebdb6ea893c8cbbf14a6bfb5dd87ddcb780d2f1cc7dad11d0a1be3d7fade1902c8d7ee5afa7cedfd73cbe42d74c9aa1bc371e20a188b0b85a96e365d9ad70423ae22e0d1e47e77ac1ae085863beff384243b664c7df8e6950c2c2121b6e8d5f021d0696c5cb2b3090d1a561bd8a449bb3300714e8575b69593611ce5fe82694b056f7e8ed8c7abdf32b5c87ffd9289215d96b6fd0b2c6575d822db69c3d1c514d8b1ef9288e646cdd5c2ed769b952486bc5ec6a5f76688495661aa4a3fcc21fac3f1b28309d0bebb61032704a3d7a6c92a8770e66e841a87a4d47e63b1c607141ca69559147c033f2ec71c5991129c00481af3d20f843c6d01d0247b0337d88f25d8bb3c4079dd7a749c840d80f3d7074e74c88b0c61a355e4ad552b82ed3678a909bbb282f9a7e37c1edc4addcce2e4cf397dacec65f8dcdabd81c30fbdff8ff6fb273dd10a905ed3753ae82d52a4d650329bb81bda4af5d62839d87e063c246db8df63a808bd04643781cf6ff5f6ec62bcbc331e4657913ec90ef7939cbddb2943e5ed96fb3e3507e1487d77edcbd85042c4f6edc8e1955fafbd5d8c744bec985d9edfeda8dea4e2dd39479b3fe6ee85caf27606aed8b4328a5dcfbb4d121d220b68b4f02766c5388e76ba4643d0b5d55a8afe3d9f5c5a485aa33a837f7c0502b375685a0aede22d8889112792313da57b36a965888324cf354da38ae7b1e3c34a6cc6774650ed5d6071b3cf3049c1ec61c4f5d0243fa33ee0050362f82097c354fc840c29799ea4b241eba6f9186b4facb6f7772c7a4361c5fc64d00a80c98d073ece24221ce0870ed061ef4af971b93008a72c2e4a10668fac18a96c042095d6130e62b03e4ee7116001a95c98c42be9c59a2e6a8ca1a8394db41f57d21ce1bb96151e447d41dc9408490dc61c26c6dfef107d03d6c44ffd84d67b8a721b28bb175a96efc0db6733ff4284477cbb2b6938da27cc85c9d4c0aff432ff5a9df4c71da2a3ddedf81c661ac2c31de51d78a164e2e2939b1d4cbe248fbf418dd87b199129cf23a6ed08cdf57ff4b770aa34c0305d5aabea2055d74854cd2b0b11c5c717eb75955a80dc08c044892d3ef8f0f2a7d94f798eb0eb5ecdd4e30108681125733d3e3cabff3573a3a73002a4b5966a426ef3726856620240426ccebf576ba711509fe94c8cd63869ae70627b42e5d0673a25601d19855d411f2af6dd64fe3f3a80be42ac30b5ed48f4327732caf23fee9c7fa3c28e02879b22044a71b5b2f292a911a6d1da1aa153c76b1bec58f35fb2af9c2e27d4b92361af2dbd007a1d98c43f4c2289ce3d6c14837d6d42ec0000070314a6bef58f55f3c59c1e53210d36fdf6a6fefb9d8d47b022361b8b0f91f6ed93c9e0c361d977d70a41b43ff16d41fb7c8766dc92f1519606cc803c1a5d0212fa3963e5e89d620043bfffbdadb67e2b08f2f0253919db0da3ff09dae138de01a81c441a5a7ff49b94f0ddf4a2347d66744fd60b052503a4b2401651389af5352ec925656c188d6ddcb1a15c4d846b9c03a3c59f5bc39226c2d98a1d95233861d1606118e13579a515d896a11f6c65974f340c02be359a6f71165bb57246767950e20fbd00af7baa06cda65363eb69162c0545d2e6f5be094d4c540387ba8a21eee6b324a89394526e39cebac561d08bf780a8a29674ed316e3ebf5768471c04279acb676444d8080c18de08c82b5f45e6379bd34a8d7285e7cfffc65a71f66a19b349526daa4e44c3b00bae5f8f557c2965bd341d8978af3f845a72d728986d20f5d39b9d4f1244e9a06a6ef5d62ac9768bbdaa37942c5be898cbe9802bd1d4b4d61167c73e189f417427470720951cc98973ec5a453da3a885dab6791a80c476b84f66aa6f8732f28656857fc40ec8c37f4d076a205739fcad35499746571c43fbdefd5d50a3e76a80952f5faaef293d890100c6f25a387a10fc8c81a13e39905f64ef98c2807905bc14a7e0b53512bec8b4cbbe7ee39e528302bb5bb9d55f177916e7581b3e0ec18a2c20ac909f84282ebfb01f07053448a52b53620a41c6173adfbb09f2b8b54e9c633a2a76c38b147af088963b64ec7c45658fa23810bd6e4c2df810ee0b5bb04621a1b146908cf84a07378090a082ebb0b72dccc166e5e2610d49246a09b69866a70d0f6c8cc6d468ff4f2a6eab6fb9d9b48624fcb9ed335cf11ca0a14f1b4369f976042211c5783ffce82b4383e1257251540bc79d8a2730ec7d9de9424857da2f5f413885f919cd2ec0e546f0c93125ea97de1c3b5d1a1401d8dc1834e32d1d885c86e14920e6fe23c30f8da4f1845b582529172692e6656ba5a3145f02f7e20dec5f6dc65238f907900b1482207a1d710e02b2e5273f9444db2219ad83d61d4f12fac557365b547155bb81e5db2b98b5a1772263bbcaddcdde8ec06e36bad1e0fb3ab36cb37693cd563cbdbb8cef396bada73314f2003a8a006c411d966d8284751aaa686a3cde283471b5983cf6383f7d7725baf2bfe90e2e103b094ccd1d01800d4a05c856e30bddde9e69fa1350f870dba7da347c0b9a56266c2f61541034bc7acc8e537484ca79ebce9c661503e2c36d83bf2021f795cfd53c90070c02fd8d3e239938a0840d18c39109e60fbf61c29f20dbc83b77114fcb78e479f971bc1fd0d50ee37ea863c27003c3aa2b2a0c0e39d7c03ec80a3212ec7798a0b67cf725fae97904395e21dc4e9b33385647c1bcb068b93c3b5e4abe0905c84e33a6eb24dba54a6eb6fd0e8eb63714565027b3f740f5bc0a0bf80882aeb0ab708eea9f2aad5e57d68acba5a0e51076724271306b7fb14af91b6d79e5a0b3cec3257e62908e6bc12fdad740de45eecafa5a73f9751a6481f61b06b6612a1746997bf42e759b74215a1523f969611b37fa6bdfc6f9f82d571db99f2a68248e0c71739a6fe1b4e40e20dff17c99a59deae172eedc942ce33c853e4cb70e18cb5d9256b1b9741d6076f9a6c05496419a285acb03118a1db7258a0000460603ec867534734c4ddeb5b45b656d2dc1c8b200c562a0b324712dc19ae457b5367b9af316047afc59cfae43ab123004f90645e91b3aff752c0a78e1bdb6d084c9dd46c7f7341e79b242c000431b68fdbed3eb951107e413f189c730a33bbf3906f8951ee6ad04cd2c4e2bc16bf0830c983017da4b5df39301c83be434b0ea7b0e3664b7a9f65b9409b5c4bf3210deaf97495a7552dd152ac0cd307bc383287a9be6f2317d4aceeff1df65a7c4d87db67efdc9e27a50409f49f5cebecd4a7f0147aea5ab13afd8a0a8c6cd07f545154990366c5b0e6641259c3e6a50d73eac5077c40b61ad8c7c73aaa447bb6a510e408328253dd349ac61b32c6acca5c5ce214cf3f7a8f178324cb472b5f9dd1c88c719409c3b6c59b153069ae8d7c587c050fe6b74ca2cdd6a5009c05c44a3da275be41cdd5af97d144bdf456eb3f3b4c64020d8c5e83d5e9c0d6e34488663099347029e4584753e2e8ec3f5ec713e16d535bb47745af69332f6b2b6b9c7100bd100bbf9a06114097e9bbe8073ed08dfb6709508fa9be3afa29183a0dab0ab064d0510c9fa02004a564c83d839698d1ec7e329822ec65d196497f892b702538cacd12c283ea27fff1db18a3297b91bc27eb59ac2ecd39b9a9b2d0a1569037d873b0d55ddac6873668701ed89c7c7ab3744fbcfae39c5052d0231e2c24360fb4c86c7c68ebc6e9852a6234d9c1c1e9d3cf2df0540f1188a71c339059ae302a786b6a9451940b768af37aef68ffb819161cfce1f28aa5b7db9582f87a4ee5e3d951b8c2ddf09b226fea33c911f250698f592b76368e38153de15cb6a670b35a944659306d61b8d9fcd17c032072f209bdd6e31b49edfc02354542c0f8cf5145bd533fa799cf2106f0dd65b8b90e7285710548621953f2bbbd7d6330a75bb36eaf35e1feca4c4ba22434335672625ca48b8f44c7e52e23696ed25246a24fbfa9b1bee57aa208d605e0bea2cd1f6cb536c64b679434774396de2c0faf3f8e57081d498110eed66975a3fc85d3dab99a7c745cda81d4db97ef5f93ca8cf6c1410a45ee38bec6b403fa527ee10a437cbdbdf51fb5cd995caed0552d13a0061cca4df3393698197335a7eee7bbf61227ce3b2c42b6952b67282da60511872bda4482e499ae4db3e118229de5c626443c8e1e3224185c517f16e1d8776474552e8aeb6f899a183382ae8e02dd82a9ad6812e93d16ebab9d624de67f846394d626af03b53beed135b6e825709357c94cdca34c8eafcf64cc8d60b3f60c31c7a2b838ad9bcf1353f9537d909d38377ce8f0be7b3a1edb1cf8ffd1a60bbbdd3411a8a76c2e3ab584588fc6e194eb468181d7a189fbc436e00c2107d613b211081edbc4fdab6ba2f4fa2a020127a710ef23296160ff04b91212f37e347c5294804b0240fe23229bae662394c4358bc7cad2a8627a5f0306253a326bec41f53f058b5e2998d73f6db9d1b3a91909eb81dec9ce1845c3fdf7ef3f6298d4626cd909b604a4169bf230ad0d73b9cc869a0ea64410fa3ff6d927447a9c293f5b1f450300b7e7b195d5882c888ab0c0f79bc2ef69976cfd5de91b4e28ce0fa36233dc72368a98a9d01bff3ba2a3aeeeaf2991a4220aa5e466f7b3437e851a86c4687fe7f5fe8a71e142cbd8241d82cb90f87018bf531ce557c9bd5bca34c055015ad22871c61caefe238f13e3d159a9328725646ba1b0e1344c5ff15ef4d93b5d60b7ba4989bf6b3338cb4b9a5e1d2f8266a784708a4236e658de4de89bf61995558011070b4fbb7c66589ae17176276616f1cc3a092683f32222aeb435406a3246eae9acb094da335143ca48d5639f932bb8ad50d8893931acb43d8454564246b8fb850dd00a2c831c45171442ce523978d3027bd97f6e389342d84d99b26e8c1b5df6a43d9224cf178e5ff64586f1a543ea0c731e82b2102f07085478e9f1dea69f99ff3474a857cd4772458802066bac6dd0e6be9e55db23013bd5c011d2bd4c0fbee3a61baa1fba6bcc7b34cc80a656432f21330f4eb1d36247f0ba7c010000b9d81f057957551aadd9da6ea2f99b73a9530aae790b038eb1d5b360eef7bf1bef1d7a4e6537eebf8f92686f5a936f999c0677541a81e284cb005b6623a3482c565eabfcedf8b7687c4b3cbff9673655d98053d54adf254023d79e86b202311c765043a66f73b8d2c41304bb78a6d28659edc149ec1d2c898bdafdf636431f5bb9bd03ddc407f38a656ff537f676d0779cfd6bf65da2a71feee0a87a029e89330a35684f31c3989ae487834ceb56359c96e2874af262fd400974e66f5d8a7e1b9070a9e0d892ee5ced2e5783aff961fe0a4810d962d8a6e8e5ab029d8fd935798b823fdfdccb8c0076991abd27ba351693fe7706ef19c456f9d05fcaf48251886bd43463431d605b9a1168dd01d8ce7e28e1e42ab452e02c200f990199cdaee7ea68d295c436e654fafa7cfda30f140aa6f79b1c9f9685c34ee4508192e18d3736f62d5685a08df9225281a6193df7359be58179dc879b49002dd58c860508c7d321eebc0c1131050d7a4ff6f992ad0c79136001ef32bcbe181a798a4e868c315c6bf06011cf446333201edbae06f66acd07309976948daaadec6ce4338568c79a108121c8a24dffdba7b3bd38b9947688db08f0b6776f6c35eaa313b827214c71351ad989748bbb955882e6c45e51bc893ed39359b930c0e34b111fb3e89668002a2613b3683252d6b0d404a30533e39354cf8e114d566fef270cb0b6c911e50a4d6d4f3ee8206bf4c732c438d233bd2802a7cf097db7316317e8e78eaabf93c8c421cf7fa93bac15c51f919a330519da07ce1c7976c328c3a6c6dd2a19b9cc1ac6e72043d096d53ad0c090748208e524f26b3380e402d9355127124bbab8efb34c81b2855646e013b2e6a7c9064132789fa13b97ec1eab47fe491f659d92b5f379a56f5bebe906959f48fdc9b0b8f7f56e6a17637413cce979a1b51a5befefd021015a964e327adae136d543124d711428409fcce1591e785500d1913447963dfa4135173b6214d3de1c26cc0ae9d002e1ca885a03f42f371aa0d464b8e3e8fcbe0507e267a73a405137d7ed4ceee53f60adf030bbe03e7907ccdfee0b11bb425c21576c6063529fb6717ddf21b419fe4faa6c3927e12afeca45314ffd5d061a10b1352603102ca3be5d686619c4671316398d08f5ab6c694797ac4620a11cf1099dc07aba01ed64000f4796af98fc066be5c4165df8d3fe0464e0b7f5178e7fd44c781e42d426f7d2afb0ba151d7b0c2f96829e1a70e6a0beffb29d314b42a47d16891bb7317816c6829e8f5131c508e3f2fa662611f58c6a60d6ed5c80b5be22d78dc828b85825bdd8f9800f539af6a0f32ab41ac53c5b5b1803e5dbf1a61b06312bc911438068213023e9c3768de36e6d3b442885262e55955ecb5c4b2025f55f0854e3583e01cbeab3d668bf83707f954cac75dae5b80063d330a384b4d64bdfe582f759b63655ebeb8a3f618d13b00b0c7a3216ad74af1a0b0c477c847eaecc459d26b9e19310d328e804ac14de8959c59f060c44043d1ff7a946e1ab1810bb3e8f390a8217ce5b537b98f3b71de5255a5306ffd246bb83727b2218941f623399cc65f42fab4f14d34477708b541f80264e87e7472a160971d6147b421f80496bfef79b5d57b69252631ab1ddbe4dcbab7f9c3ac51b471107eb69b10687b70ea3daab9e3aa748bdd970270abd29215f3d36acf6ae169e11a09caa8e2097fecd33297c463da5b5d3072da8f581261d9532acedd3e35ce9cc356feb5f83791f6f71dd0dbed768088f3736486250d14065a012a1254690ad99aaf14707997996cedd5364029035b42dc108f97797a5a56fa0f1959195d3248f4150a67ced492d7e353235358bd0bbd95657145d30f9b4c6832095222a31f407e0c2c0a5f9e1f8dc066222bd5819641d7671a8e4fd02d368a60b100eff8259466fdd4f9842e4a4d7f5258bd64eb716d67c3a29932014255a4f521b9ec50352c7080e336822980628385bbcbf9ee056b1444566737887bf7fb6bb053b7a72f10d7ccb7e32babcef7f435e4eaf1b814bcb75fa5b1fe85b600801de5d3eebb0fa2e3e36cf423511a5ce88fa6ce659207b522047dbc2f50f1ff1d172319d548ec40f9ce43c529a7b9132193c9ba9bcdf68f9c2b74b0930902af8df58aa31ed4c257c235fedd25eb15a5771afa16b9fa00b082c5b23b5e5865fe8aba0311257993dd30c1159bfb472b2b49255de0e25305b1ffdae19f4a6e48d5c4508a60fb189252d1e74bef91fb4f0d7fedbc5d0fe4d042ac062613b03da79eb1420a894f6895318ead0a7614c1456c7a5dbd30530cfd983780bfdcee735d1e1a673a23fc8fd28ff2e6dc8125c4b2a217cfceeb166ee56cd1d96e9c1c358155ac6774bce43dc3b3b7d34dcd9fc707423541f87e84350501f22b3fdb82344b76f2c944784b131e9b077fe1a651b76fa2fd793e75df9475cb2624bc482cbff995301582abc01384d2a8c36e0adb1268eecfb3d9ec4c1d5292f194c1513ec3ef376b3a96f6e8f1a639fa7d99b6b510e36b8d82a378fef488ad287ceb8dfe5c7a100c076b2031cff0371b5f17fe7d2d02151dbceb04e428f876234235f92f771a9555117dc7b1e28750877c864efc3560a54bb7aae13390a0ba6c96d13be0ec6bc474a5a696ae34e72d724a0e5d9124d36e372b8ac544961bc946f34b7dc81a4960e38ba0dd84b2bc0549d9022409c32e2d60fddec65793e21f2ec71ce63d949271371b1bac8f9859fb87113527a14357acf4c3e41c77a9680acd2bfd6cf5a8a70bb9ea5241ff70ea07446796b22d3d0d5f5587b1d90490047b63c551e22793c2d9d96a829dc91e5a461f830766535aa8a0ff48b933ccff8f922a65a2a95b2197b3faf829942c837e9df19fc74b45c4e26145befd8889c3fe390bd5395446fbcb1ac21a79a82e413f7e1576119637d55441dfa7e625bb56e3a3b449b884c80b0f764e7c3ae581f938a6504c01ca0bcde29c3216bb981aa2797d3bcd0b71d4d5e82a80cc9e9b8a18965687ec36d626b9f6ab6651a57e22651f98d39ececa712b7790e77c399ef423916c8206c81a57020d9ba0e423b0867af367692aea2089583072b80d647e29c7b9759c55c11ddc64d6e4df8859ccafc41cca6dbc76fada09a3288c3012f5ff7cdd27fe58b43970f48e9f42e278a8ed04048b1848717fd4bd6939dce1396801f5aaed7127575574c449bb7cf3db8e3fb0ca77b879ffdad3829315b8808e102a8c7bb1906b531878c456734ceb27bd7da3d9c52ecc7fe3f4d0d03db305a861f0002720f9f1322846327922b66effae5112a9ee8e2bdd9664f97c0cdcbb777e980a6a97f80ea14efe95d6ac6a0102b46e783c4d8758a97a13d995a2d9772e0285c2c76eba61936293b29ca915aac2ef66ffc3fc7cd03a5e1771edf9bb79791332cbcb1f536bfee773ce0e3e033a922f64a5d1c9ef6a0e582595e9cac5f4a0e3ef50708e34584117c5050804f65e1f170056b14f383e581b352c04d0d43eb77a6b749c6bfdc30f17bc2ab8dda604a12060f4a6cade1b31dfdcaa3c79bdd394d2b46ec08618141a4b592a6b5004daf4aa6ad3cc600c76c6bdf8eb07b2c998a990d3cbf3508e2f745d279dc2b61f4b79b143d914146ce7b3435bed98816586a03f05f5a2bcd15aedba03e20813c761534a1989630976c8f4adf0e2040ac211d96f76f8169035004c31dad083f6baa68500dd02dc27ac727919ebf492419c669fedd58af26aee90ff6aa714e57bff46854102a9e386c633fca8eaa3fe4a2f353edf422f2e4fad9c966b029f273163f438a450d5ee785dfd0893f1e16e5baea2bf5dd6669886cf219f87e4c5cd9b777818e4f2800de26886c91f7d43183da120b85f65b41e32999c22a7f0f990b0a699ede1404b2fb8568f19fe02833c5350e92cc343e81e82c611dd8deec5706b94d23ab0a7fdda3201123d25348fe47ecc8fad82e00a740aeb8d22cba8b6795ba539f92ea3e01f025f8085a892eb64d0fe61bf89e471d848d9c375dd2dea6ce7ea82a0cb3d98e1c7e814427ff4a2bf3c32c13c7c9d25259b2b2c3f54e575f485fa649f297d257127112442101c11e52717671b31475897ae55f6b8412bafdec2a2b2657050c16ee74a3361c4896429b659922fc596dc76581a30ef82a78fb993e64b8837cb235d839b29520c90705dfae50fa02b7648714b0e8420f2eab9c0a10f7ae7c98d59b81971df2d94f88f79e5d6a276404a734c2bfcd69c564a972a4fdcda8d4be4ba8334bac4da74a2dd4b3cd5b26e4680bd3c6bd2c8af17f7793cc4727911810aed950fe90fa03a3036f2127af3fb05afa2e001e300e2e835e5ef7a2cdc03c7de10655b1455538b111b4442199d17a1ca5be6a41b92d2648a4462ab0a1449e76b3d96a8a68d134b174dcc0295936320225f9b984ccc8698205a9967d9b9fd85be7a9bc4003e42201f8b220939169ebe8cd4c9b03a3f82c3cbd7425f3fa0e14356b8ef3c599f8b261f8a20e36465f5bf8541229042256162b53b561f11813a6978f04396a7dd90803ab280e36d3c74d692acf4c2fb21472ae59e0fe15fe9fd98bcfffd18d6b0539499989d9211910bfa80e968eac346c4a41db65eebe8d1de53647b5c6ac6eb21c697a19ff28dc12a3cc061c978425c118b0c7b6c6f0eb9f3ea93c54f95f0317eb2c5cfaf3b3ad2f96399258dde3750edbba6114d0274dc80eae2bc53695d27aa8a5a6bcd198d5599f440dc3923994cd879ad6ee8424ab42f16884b8c630f45af553b2b4a5aaa2084bba2fe0f9d803390ad596ba37ea6cd07230dd39c3b51467d8648571cae9cfc7e0e660cb4dac42d73a79f474174860da812b1edc19e4989a44616d7e81c6bd30a454209746365e87d29dbf716329b86f5495090304b4b9384ea1fa8efbfc973337fa5373bacbd542c37014ec1feb737fffbb3eaff0c5dcbd620051324c6a28419f0e9c99097d3a658e9db1bb028c61f7b98f00ac3e47b8cee1a3ccc54a4dfcea011e251bbbe2a0565111416e396085cf714c85637d34333494d465345a8bcfd2e622b59128375921931f709ae2384bf08ee03fec633192a479be23a7361755d2b8f3905b19c5b81caf200e85a319007f1d26c7dcba866f73c3c97ae95afbe28c6780cd8eaabb2c669ed67bcc13b618bdf92b7a9dedf06831425b9a07cea5feea7e6752562c077327f9532a74361df5520c5525d57b790654bd3ac5a78cbbb6d89c6391cded44e1fe25a01b98d6dac4b052be93dd4250fe92b83db852a2c663bf693bce28b56877dcee0bd4cf24f3689fbb6595ec21c2fcc7417c4b896e7abb2cc8a6634d428cf15fd5b35b29ae7b28845070ff0a7e371b7543d3f65e44ad5ffeb4236bb187eae6889eabcdc3c98d3f9f9455d3891373535f3f20c0669e76f0c3c975a62d909fc6b82ba23bab8480156dfe5a1befefc132781e6da1673fc6af40a80c7cf4e32f64c443dcdf389e4fde34df60bb69ca414a8663a949c89d92adf5125128526d94621d499561b5b42d86864f28440cceeeb58924fb0db7a7ed785edd29685cef314ac70e31850f1c34f393dfca0bcbe68e054faa22a77ae6222a36e6aed2337c4035dfb0b737d1a56578cebb469d2bb9273de551df4baf7ded714e6ffd5bf9567030e24978d53e365134b1e1d6c7707204fd097600e5d26eb922e672e34f052fd6aadc1c2d10049201142f8a6b363b769744318c232cf70b36f6162b30b9c5265bc212545896bfd4b2c6ecf4e1570b5ca985d8791f0a576abe89bb753bc09edbb10c778f1ae01b1ff51af055b6f50cf8478f5a91f3938672f987465deb878c362bc1ded11a9c9c8cfc2b224d5df3ee007e4a0586a07fdf4109f57893f054ae8494022d26ba710386d012a40b30d3068005492bac37249a04d918ffb53cb601dd14e9741866c489d2d0501b7df514211a4c5e4d19b12d7785b404a4cdc6bfc25be352f22909cb32c04bbd4f12d8c63600ac587f362634a54965fccd9496dc3f56424ee09a01d45e6e0e02fd9ca46ab9820e575c68b7bb450130972fbcd630f3143a9d6388b9d452d318af0c1b55950233448e681494b7ad19e37d9e9043f2dde7d47ed114a67b1f214a8640753fd0cb61702039baeede00490c335c076c2dbcfb174f8dd58145e8597981033abc00310780623f4c54041fe3c5024302e06e268b17046d677f9f2045ef77913ce2459761eb7ec6b9bf251d3f0760fa6a68ac1b4e7821cf9135ff5cede7478b40d9fb83d185e0662347c23417de10cf1dadb51ba5b5613787c7ccc842169ea3cfde90dd9755e17e2e6ed339aa33a76e1ad01f5c2c719a79460742c5e3c48310d819e68df8718c2aa1deda75879be24e368820a01a9804b735e663f3e3cb16baef9423bf64d7e307032be31e07cf3f173dffdf701bab7de26f70dbc56e7ca8452e1663260108f5c0737a97cbf5a6cf2f37c5c8a9884495e005242eff92bc72e5bdb69250027a9359ba51a3516f8d62b3db0e09f5a1251a670f2cdb607152be8c0429e96270f082483b3d0bed017d52362b722bfd74aa4bbe3bba222d0cb8cec242423be3431cf96e2339e2fa91ebfdf52a5c8ceb4f7cc14735a32129b1bcfe0383a67d5bda49e11c28b8aa8627d18dfb0a56811f2f1665bb6b975c95f6f1eaffb884140850c1fc71f28a2083745fc33f7c5f80034432e2666fb0ea7417e6a9fabb0762b40d1a6b7cf977d3f0268e099cdbf0ee4d6e70a3994b94e88385d62258229c55c9ef364aecf95c4706dc1952d70b41ac232ddccc8c6348e6b15b3de89f5ce0716baa1da5114419f3568c5dc8e7082a50e8782e1dc51247df75ed7540f66c8744c490945f78fca26433c8674ad7afa42f7d7d701be38a2d84cb13d7bffa1232819487a398f2d8dc98e1ac6bbf36c4b6420f44301943907b4db50ff4adfe9250a1c3bd7fea31711eed6efac6f648f67970eabb087db9e432acbd87f434c6f50227e5efb173eb2f44bf1fbc33b05ceb2ca65d174c3e2761d83d39e603685d25aa16d0171254de13b18d8fe27e4c007404f69059f43f7ba27caeada4dbb615eb73166c594fc6bece916c5984e389fbc4932beb1cf60d36579f904afa26907db0adf3c0105bd3617fd58232390cdea70698bede827d50268bf95193d5cb0909f69ed9a27b52d59009fb144a3ee684670ae5d922df8665bb013e023f35ec59a33ab3305801aa0b721094ac096c720b9b22451890eccf956af5e3c04c556a5ee10481e413ad3cbe46f879e556afeda426d6b8f81b786e7b55730ed5d5886753b3fcdca503519e8cfc79bd002c3e7c2ecb7d2c0f3fcdf86dc83bb047fff5e8f81f025f3cb4b0d96f5202df10251dc4d25292a2aa9048e2a6ce2dfb42d3a7d394cab126cbdcb8e59ece37c2bca7d0de9d57b309e6a52f7f4bdbdc5d407512f52104245bed84b389cffae6ac2d156af2a9bfe4219c75d54cafef7703e920aa06ed3e20ae1c6f83ebdb60791ccc5a88a7d8fcc5d2420c8111cf19bf5e73eb3924130917c99940d119e4b537b401d3113df61a2fc177fd40656c615a52b591cba181de63d4b4707703c243dc47efb753e8f6ba0249e544a11f9f9ae860a50e3d98f6925dbf39fd17e921c8aa604d4648ac9cc7507ea3ac7650863ede4b70d04f2ff84da170dd5bab92458d7f177b7e68aa20b0fa5e25db11ca3c6b1496b73b4cad753a83b53806ee2787934c50f3fa5a6c0df1fd231eb5bf5d5169f0a4cebc8461ecbe638a2b73c03ab7a911f8d366ca8f4601dde1237d351921dda768510776003e80f373d2a661ad4b3b73fdb2452074af7c3ae5f429da1192b3dc65eaede119bec3548ad6b17b5796b6b668d0d18a6eefba55551e4796c92c4ca6836cfb02804739336009b02a2f81cf1fd610106d5126edcf270f481c02e890ce6e0582615bf4da1497d639c4db591ba942bae63b2243445dcfa55c1054997cea247e32f93492bb8633b149bfae02462fced793fe15977a168fcd4014c433eeaa118e2af120fa9a08ff396886da0024ec7e4573b39eecbdd174767239dbe72806926e35b35777d02f2d2826cdc1255342a3f108729d47f36e5217915601298949920814f5f05dae52ad1c117f949c1bd68dea7ab68152b434b1c85c97ab64701352ab60e022fe5aaf6b93b2778c614e15179ec18e0c56511b354c9740fdd92cb7ad866f4c0492554836d6a5efdd7aeadaa747e49cea0304a913b8dccc74debb62df229affe4cca5ee79127480abe8f5584507f6787c49575e88789c90f684833d402e0a28ca122a4ebaa8516c1e331480fe1513c46d07df62d2d8cd4356bb717d4681253ac31f883dc95b90b2a0cd6909345201c187f3acbf8d45a7ee55bc307b83b34813483487ff9bb29a1989ecae99ddd13c1f0c08c828887bb4fdf7bafe27ee1bf7416c6ac16223e08b1806203df66eb2b87a32300a279068a315823c47c3de7adf8311acf44dae6a6babcd0db923b501db6a1665e10626a5cca4aa01c865320fe1210054c5a7e0ac4887fae4bfe41513cc3bb500fda85254aaa70e1003bc69a4be3a522c0bfd21e9c695799b7c6453c89cb382a5bb083d432568f852455cfabbb0bc0aab45213978bebae27896c1982866241b7e0be0a6574111bb03b103c79135df1c6726e596d55187ead06c55354c8ec4c3c9676f441c6d281506aa47d6a279af55968f0c35dd7cf6ca55149b03fbfc80054dfe3434393d302586d79dc892e1ab8dc93bc2a0b3a1c8240db8cd728200895549e8e1eda259080f714402f5a8984de9ab4e57d2361702b7f1e0e36d8de19356c59c931db5b8e3d345bbc29f42e856ea4deb60aa11561d84e7377d4bacb4b1d5309ed153be9660d47ca73c98c1277f116312989ef7e778a5a023d71c602544b71fbcc451ab2e5d919e967bc06231fb434c0e2838913f607f4229366a6774583afe4cf3ed7f870ce9270217076c867574bbbdb7c9d909eacd9c869c1b174cc1986189417fe557c1a54f960e8c4584bd2c4920d086e37865c344e744ef146029a2139ce301ef51c5276d12a9d7d749c4b0e36209885c8f404866f13729858ba03b2b75e29c85033cf4fcf976804d62ee6e64efd0a0db439d84750b66afe7eb221519a2a9a81e9708b2c47f428f414558d19ad4dcaddd0000045584946ba00000045786966000049492a000800000006001201030001000000010000001a01050001000000560000001b010500010000005e0000002801030001000000020000001302030001000000010000006987040001000000660000000000000080a90300e803000080a90300e8030000060000900700040000003032313001910700040000000102030000a00700040000003031303001a0030001000000ffff000002a0040001000000ab02000003a00400010000000004000000000000, 'mchina l\'fes. dakchi 3ndkom mzian!');
INSERT INTO `reviews` (`id`, `name`, `rating`, `image`, `text`) VALUES
(17, 'Youssef Karam', 2, NULL, 'low quality service! i don\'t recommend'),
(18, '', 1, NULL, ''),
(19, 'Ana Mohammed', 5, NULL, 'bon service');

-- --------------------------------------------------------

--
-- Structure de la table `users`
--

CREATE TABLE `users` (
  `user_id` int(11) NOT NULL,
  `username` varchar(45) NOT NULL,
  `password` varchar(64) NOT NULL,
  `role` varchar(250) NOT NULL DEFAULT 'ROLE_USERS',
  `enabled` tinyint(4) DEFAULT NULL,
  `email` varchar(110) NOT NULL
) ENGINE=InnoDB DEFAULT CHARSET=utf8mb4 COLLATE=utf8mb4_general_ci;

--
-- Déchargement des données de la table `users`
--

INSERT INTO `users` (`user_id`, `username`, `password`, `role`, `enabled`, `email`) VALUES
(1, 'jay', '123', 'ROLE_USER', 1, 'gajerajay9@gmail.com'),
(2, 'admin', '123', 'ROLE_ADMIN', 1, '20ceuos042@ddu.ac.in'),
(3, 'test', 'Test@123', 'ROLE_USERS', NULL, 'tes@gmail.com'),
(4, 'test', 'Test@123', 'ROLE_USERS', NULL, 'tests@gmail.com');

--
-- Index pour les tables déchargées
--

--
-- Index pour la table `categories`
--
ALTER TABLE `categories`
  ADD PRIMARY KEY (`categoryid`);

--
-- Index pour la table `payments`
--
ALTER TABLE `payments`
  ADD PRIMARY KEY (`id`);

--
-- Index pour la table `products`
--
ALTER TABLE `products`
  ADD PRIMARY KEY (`id`),
  ADD KEY `products_ibfk_1` (`categoryid`);

--
-- Index pour la table `reviews`
--
ALTER TABLE `reviews`
  ADD PRIMARY KEY (`id`);

--
-- Index pour la table `users`
--
ALTER TABLE `users`
  ADD PRIMARY KEY (`user_id`);

--
-- AUTO_INCREMENT pour les tables déchargées
--

--
-- AUTO_INCREMENT pour la table `categories`
--
ALTER TABLE `categories`
  MODIFY `categoryid` int(11) NOT NULL AUTO_INCREMENT, AUTO_INCREMENT=17;

--
-- AUTO_INCREMENT pour la table `payments`
--
ALTER TABLE `payments`
  MODIFY `id` int(11) UNSIGNED NOT NULL AUTO_INCREMENT, AUTO_INCREMENT=9;

--
-- AUTO_INCREMENT pour la table `products`
--
ALTER TABLE `products`
  MODIFY `id` int(11) NOT NULL AUTO_INCREMENT, AUTO_INCREMENT=30;

--
-- AUTO_INCREMENT pour la table `reviews`
--
ALTER TABLE `reviews`
  MODIFY `id` int(11) NOT NULL AUTO_INCREMENT, AUTO_INCREMENT=20;

--
-- AUTO_INCREMENT pour la table `users`
--
ALTER TABLE `users`
  MODIFY `user_id` int(11) NOT NULL AUTO_INCREMENT, AUTO_INCREMENT=5;

--
-- Contraintes pour les tables déchargées
--

--
-- Contraintes pour la table `products`
--
ALTER TABLE `products`
  ADD CONSTRAINT `products_ibfk_1` FOREIGN KEY (`categoryid`) REFERENCES `categories` (`categoryid`) ON DELETE CASCADE;
COMMIT;

/*!40101 SET CHARACTER_SET_CLIENT=@OLD_CHARACTER_SET_CLIENT */;
/*!40101 SET CHARACTER_SET_RESULTS=@OLD_CHARACTER_SET_RESULTS */;
/*!40101 SET COLLATION_CONNECTION=@OLD_COLLATION_CONNECTION */;
